1998,1,1,1564
1998,1,2,1550
1998,1,3,1520
1998,1,4,1519
1998,1,5,1516
1998,1,6,1506
1998,1,7,1497
1998,1,8,1494
1998,1,9,1495
1998,1,10,1499
1998,1,11,1512
1998,1,12,1524
1998,1,13,1530
1998,1,14,1559
1998,1,15,1571
1998,1,16,1552
1998,1,17,1546
1998,1,18,1540
1998,1,19,1502
1998,1,20,1485
1998,1,21,1478
1998,1,22,1489
1998,1,23,1496
1998,1,24,1506
1998,1,25,1501
1998,1,26,1488
1998,1,27,1490
1998,1,28,1490
1998,1,29,1507
1998,1,30,1512
1998,1,31,1492
1998,2,1,1478
1998,2,2,1489
1998,2,3,1500
1998,2,4,1511
1998,2,5,1519
1998,2,6,1514
1998,2,7,1504
1998,2,8,1518
1998,2,9,1520
1998,2,10,1517
1998,2,11,1516
1998,2,12,1492
1998,2,13,1491
1998,2,14,1510
1998,2,15,1518
1998,2,16,1520
1998,2,17,1517
1998,2,18,1498
1998,2,19,1508
1998,2,20,1515
1998,2,21,1518
1998,2,22,1499
1998,2,23,1498
1998,2,24,1532
1998,2,25,1537
1998,2,26,1526
1998,2,27,1529
1998,2,28,1521
1998,3,1,1536
1998,3,2,1537
1998,3,3,1524
1998,3,4,1532
1998,3,5,1549
1998,3,6,1547
1998,3,7,1562
1998,3,8,1565
1998,3,9,1563
1998,3,10,1563
1998,3,11,1555
1998,3,12,1545
1998,3,13,1547
1998,3,14,1557
1998,3,15,1566
1998,3,16,1569
1998,3,17,1567
1998,3,18,1563
1998,3,19,1572
1998,3,20,1581
1998,3,21,1584
1998,3,22,1565
1998,3,23,1554
1998,3,24,1558
1998,3,25,1593
1998,3,26,1599
1998,3,27,1577
1998,3,28,1570
1998,3,29,1561
1998,3,30,1576
1998,3,31,1578
1998,4,1,1589
1998,4,2,1575
1998,4,3,1583
1998,4,4,1574
1998,4,5,1550
1998,4,6,1557
1998,4,7,1576
1998,4,8,1591
1998,4,9,1593
1998,4,10,1602
1998,4,11,1602
1998,4,12,1608
1998,4,13,1624
1998,4,14,1641
1998,4,15,1639
1998,4,16,1616
1998,4,17,1610
1998,4,18,1607
1998,4,19,1613
1998,4,20,1602
1998,4,21,1584
1998,4,22,1598
1998,4,23,1603
1998,4,24,1617
1998,4,25,1635
1998,4,26,1641
1998,4,27,1630
1998,4,28,1618
1998,4,29,1616
1998,4,30,1631
1998,5,1,1640
1998,5,2,1624
1998,5,3,1626
1998,5,4,1639
1998,5,5,1634
1998,5,6,1624
1998,5,7,1616
1998,5,8,1607
1998,5,9,1607
1998,5,10,1618
1998,5,11,1636
1998,5,12,1631
1998,5,13,1617
1998,5,14,1641
1998,5,15,1670
1998,5,16,1669
1998,5,17,1646
1998,5,18,1652
1998,5,19,1662
1998,5,20,1662
1998,5,21,1678
1998,5,22,1692
1998,5,23,1700
1998,5,24,1697
1998,5,25,1688
1998,5,26,1678
1998,5,27,1670
1998,5,28,1690
1998,5,29,1706
1998,5,30,1708
1998,5,31,1697
1998,6,1,1701
1998,6,2,1717
1998,6,3,1716
1998,6,4,1700
1998,6,5,1701
1998,6,6,1705
1998,6,7,1701
1998,6,8,1700
1998,6,9,1700
1998,6,10,1692
1998,6,11,1690
1998,6,12,1697
1998,6,13,1703
1998,6,14,1705
1998,6,15,1709
1998,6,16,1724
1998,6,17,1728
1998,6,18,1718
1998,6,19,1704
1998,6,20,1711
1998,6,21,1714
1998,6,22,1727
1998,6,23,1731
1998,6,24,1723
1998,6,25,1734
1998,6,26,1727
1998,6,27,1714
1998,6,28,1696
1998,6,29,1690
1998,6,30,1703
1998,7,1,1699
1998,7,2,1699
1998,7,3,1708
1998,7,4,1699
1998,7,5,1727
1998,7,6,1797
1998,7,7,1827
1998,7,8,1821
1998,7,9,1826
1998,7,10,1826
1998,7,11,1824
1998,7,12,1823
1998,7,13,1826
1998,7,14,1831
1998,7,15,1841
1998,7,16,1849
1998,7,17,1843
1998,7,18,1843
1998,7,19,1832
1998,7,20,1846
1998,7,21,1852
1998,7,22,1859
1998,7,23,1874
1998,7,24,1874
1998,7,25,1863
1998,7,26,1876
1998,7,27,1890
1998,7,28,1867
1998,7,29,1859
1998,7,30,1867
1998,7,31,1852
1998,8,1,1862
1998,8,2,1865
1998,8,3,1860
1998,8,4,1861
1998,8,5,1860
1998,8,6,1858
1998,8,7,1856
1998,8,8,1865
1998,8,9,1866
1998,8,10,1867
1998,8,11,1858
1998,8,12,1849
1998,8,13,1868
1998,8,14,1876
1998,8,15,1851
1998,8,16,1834
1998,8,17,1838
1998,8,18,1841
1998,8,19,1865
1998,8,20,1864
1998,8,21,1847
1998,8,22,1840
1998,8,23,1847
1998,8,24,1864
1998,8,25,1882
1998,8,26,1882
1998,8,27,1871
1998,8,28,1871
1998,8,29,1879
1998,8,30,1889
1998,8,31,1892
1998,9,1,1911
1998,9,2,1895
1998,9,3,1872
1998,9,4,1874
1998,9,5,1867
1998,9,6,1857
1998,9,7,1873
1998,9,8,1901
1998,9,9,1902
1998,9,10,1904
1998,9,11,1923
1998,9,12,1915
1998,9,13,1901
1998,9,14,1895
1998,9,15,1892
1998,9,16,1896
1998,9,17,1916
1998,9,18,1918
1998,9,19,1906
1998,9,20,1882
1998,9,21,1865
1998,9,22,1869
1998,9,23,1896
1998,9,24,1905
1998,9,25,1903
1998,9,26,1928
1998,9,27,1924
1998,9,28,1902
1998,9,29,1883
1998,9,30,1889
1998,10,1,1922
1998,10,2,1917
1998,10,3,1919
1998,10,4,1928
1998,10,5,1937
1998,10,6,1928
1998,10,7,1910
1998,10,8,1905
1998,10,9,1916
1998,10,10,1904
1998,10,11,1886
1998,10,12,1906
1998,10,13,1941
1998,10,14,1947
1998,10,15,1913
1998,10,16,1887
1998,10,17,1884
1998,10,18,1878
1998,10,19,1889
1998,10,20,1901
1998,10,21,1879
1998,10,22,1864
1998,10,23,1836
1998,10,24,1825
1998,10,25,1831
1998,10,26,1827
1998,10,27,1805
1998,10,28,1810
1998,10,29,1817
1998,10,30,1812
1998,10,31,1834
1998,11,1,1851
1998,11,2,1842
1998,11,3,1832
1998,11,4,1841
1998,11,5,1864
1998,11,6,1887
1998,11,7,1903
1998,11,8,1916
1998,11,9,1904
1998,11,10,1897
1998,11,11,1910
1998,11,12,1926
1998,11,13,1917
1998,11,14,1904
1998,11,15,1908
1998,11,16,1900
1998,11,17,1895
1998,11,18,1897
1998,11,19,1892
1998,11,20,1892
1998,11,21,1895
1998,11,22,1905
1998,11,23,1896
1998,11,24,1884
1998,11,25,1885
1998,11,26,1855
1998,11,27,1855
1998,11,28,1873
1998,11,29,1872
1998,11,30,1865
1998,12,1,1874
1998,12,2,1879
1998,12,3,1865
1998,12,4,1856
1998,12,5,1863
1998,12,6,1869
1998,12,7,1861
1998,12,8,1870
1998,12,9,1878
1998,12,10,1892
1998,12,11,1869
1998,12,12,1854
1998,12,13,1849
1998,12,14,1841
1998,12,15,1847
1998,12,16,1844
1998,12,17,1859
1998,12,18,1850
1998,12,19,1854
1998,12,20,1870
1998,12,21,1862
1998,12,22,1862
1998,12,23,1849
1998,12,24,1839
1998,12,25,1838
1998,12,26,1822
1998,12,27,1823
1998,12,28,1823
1998,12,29,1824
1998,12,30,1852
1998,12,31,1830
1999,1,1,1800
1999,1,2,1790
1999,1,3,1792
1999,1,4,1818
1999,1,5,1831
1999,1,6,1825
1999,1,7,1816
1999,1,8,1823
1999,1,9,1816
1999,1,10,1790
1999,1,11,1764
1999,1,12,1762
1999,1,13,1764
1999,1,14,1785
1999,1,15,1797
1999,1,16,1776
1999,1,17,1776
1999,1,18,1778
1999,1,19,1802
1999,1,20,1802
1999,1,21,1790
1999,1,22,1777
1999,1,23,1785
1999,1,24,1801
1999,1,25,1803
1999,1,26,1794
1999,1,27,1781
1999,1,28,1765
1999,1,29,1753
1999,1,30,1765
1999,1,31,1755
1999,2,1,1756
1999,2,2,1774
1999,2,3,1787
1999,2,4,1765
1999,2,5,1743
1999,2,6,1745
1999,2,7,1739
1999,2,8,1746
1999,2,9,1744
1999,2,10,1728
1999,2,11,1731
1999,2,12,1723
1999,2,13,1708
1999,2,14,1698
1999,2,15,1716
1999,2,16,1750
1999,2,17,1758
1999,2,18,1773
1999,2,19,1758
1999,2,20,1742
1999,2,21,1747
1999,2,22,1749
1999,2,23,1752
1999,2,24,1758
1999,2,25,1777
1999,2,26,1783
1999,2,27,1780
1999,2,28,1770
1999,3,1,1787
1999,3,2,1791
1999,3,3,1795
1999,3,4,1817
1999,3,5,1823
1999,3,6,1814
1999,3,7,1828
1999,3,8,1821
1999,3,9,1811
1999,3,10,1811
1999,3,11,1817
1999,3,12,1801
1999,3,13,1785
1999,3,14,1786
1999,3,15,1810
1999,3,16,1826
1999,3,17,1828
1999,3,18,1822
1999,3,19,1841
1999,3,20,1866
1999,3,21,1864
1999,3,22,1835
1999,3,23,1827
1999,3,24,1823
1999,3,25,1821
1999,3,26,1833
1999,3,27,1836
1999,3,28,1833
1999,3,29,1844
1999,3,30,1845
1999,3,31,1830
1999,4,1,1814
1999,4,2,1808
1999,4,3,1814
1999,4,4,1805
1999,4,5,1815
1999,4,6,1836
1999,4,7,1828
1999,4,8,1830
1999,4,9,1836
1999,4,10,1830
1999,4,11,1834
1999,4,12,1855
1999,4,13,1857
1999,4,14,1835
1999,4,15,1806
1999,4,16,1810
1999,4,17,1821
1999,4,18,1829
1999,4,19,1844
1999,4,20,1847
1999,4,21,1839
1999,4,22,1843
1999,4,23,1848
1999,4,24,1853
1999,4,25,1847
1999,4,26,1827
1999,4,27,1823
1999,4,28,1825
1999,4,29,1829
1999,4,30,1818
1999,5,1,1800
1999,5,2,1817
1999,5,3,1835
1999,5,4,1835
1999,5,5,1830
1999,5,6,1827
1999,5,7,1826
1999,5,8,1821
1999,5,9,1821
1999,5,10,1821
1999,5,11,1820
1999,5,12,1811
1999,5,13,1815
1999,5,14,1828
1999,5,15,1850
1999,5,16,1863
1999,5,17,1861
1999,5,18,1871
1999,5,19,1864
1999,5,20,1853
1999,5,21,1864
1999,5,22,1866
1999,5,23,1854
1999,5,24,1861
1999,5,25,1880
1999,5,26,1867
1999,5,27,1838
1999,5,28,1848
1999,5,29,1862
1999,5,30,1853
1999,5,31,1868
1999,6,1,1870
1999,6,2,1868
1999,6,3,1889
1999,6,4,1926
1999,6,5,1903
1999,6,6,1854
1999,6,7,1841
1999,6,8,1835
1999,6,9,1835
1999,6,10,1838
1999,6,11,1842
1999,6,12,1832
1999,6,13,1833
1999,6,14,1845
1999,6,15,1831
1999,6,16,1825
1999,6,17,1831
1999,6,18,1829
1999,6,19,1828
1999,6,20,1826
1999,6,21,1825
1999,6,22,1834
1999,6,23,1839
1999,6,24,1829
1999,6,25,1826
1999,6,26,1824
1999,6,27,1809
1999,6,28,1800
1999,6,29,1830
1999,6,30,1839
1999,7,1,1829
1999,7,2,1827
1999,7,3,1831
1999,7,4,1838
1999,7,5,1838
1999,7,6,1837
1999,7,7,1836
1999,7,8,1835
1999,7,9,1839
1999,7,10,1855
1999,7,11,1863
1999,7,12,1873
1999,7,13,1873
1999,7,14,1877
1999,7,15,1883
1999,7,16,1857
1999,7,17,1837
1999,7,18,1857
1999,7,19,1868
1999,7,20,1863
1999,7,21,1872
1999,7,22,1905
1999,7,23,1928
1999,7,24,1927
1999,7,25,1896
1999,7,26,1868
1999,7,27,1864
1999,7,28,1873
1999,7,29,1881
1999,7,30,1887
1999,7,31,1899
1999,8,1,1905
1999,8,2,1911
1999,8,3,1917
1999,8,4,1909
1999,8,5,1900
1999,8,6,1888
1999,8,7,1867
1999,8,8,1865
1999,8,9,1860
1999,8,10,1860
1999,8,11,1870
1999,8,12,1878
1999,8,13,1875
1999,8,14,1872
1999,8,15,1868
1999,8,16,1869
1999,8,17,1875
1999,8,18,1883
1999,8,19,1871
1999,8,23,1833
1999,8,24,1815
1999,8,25,1810
1999,8,26,1821
1999,8,27,1819
1999,8,28,1822
1999,8,29,1845
1999,8,30,1864
1999,8,31,1891
1999,9,1,1909
1999,9,2,1899
1999,9,3,1880
1999,9,4,1855
1999,9,5,1843
1999,9,6,1843
1999,9,7,1832
1999,9,8,1827
1999,9,9,1848
1999,9,10,1867
1999,9,13,1856
1999,9,14,1848
1999,9,15,1814
1999,9,16,1798
1999,9,17,1806
1999,9,20,1808
1999,9,21,1813
1999,9,22,1828
1999,9,23,1828
1999,9,24,1821
1999,9,25,1828
1999,9,26,1852
1999,9,27,1845
1999,9,28,1843
1999,9,29,1864
1999,9,30,1876
1999,10,1,1860
1999,10,2,1848
1999,10,3,1867
1999,10,4,1879
1999,10,5,1866
1999,10,6,1858
1999,10,7,1855
1999,10,8,1849
1999,10,9,1854
1999,10,10,1851
1999,10,11,1852
1999,10,12,1867
1999,10,13,1881
1999,10,14,1892
1999,10,15,1888
1999,10,16,1888
1999,10,17,1908
1999,10,18,1877
1999,10,19,1846
1999,10,20,1864
1999,10,21,1876
1999,10,22,1852
1999,10,23,1866
1999,10,24,1903
1999,10,25,1893
1999,10,26,1890
1999,10,27,1888
1999,10,28,1889
1999,10,29,1888
1999,10,30,1871
1999,11,4,1889
1999,11,5,1851
1999,11,6,1832
1999,11,7,1849
1999,11,8,1877
1999,11,9,1860
1999,11,10,1832
1999,11,11,1804
1999,11,12,1805
1999,11,13,1821
1999,11,14,1819
1999,11,15,1801
1999,11,16,1764
1999,11,17,1775
1999,11,18,1797
1999,11,19,1793
1999,11,20,1816
1999,11,21,1826
1999,11,22,1805
1999,11,23,1807
1999,11,24,1825
1999,11,25,1834
1999,11,26,1835
1999,11,27,1838
1999,11,28,1828
1999,11,29,1822
1999,11,30,1820
1999,12,1,1812
1999,12,2,1804
1999,12,3,1787
1999,12,4,1769
1999,12,5,1787
1999,12,6,1817
1999,12,7,1809
1999,12,8,1785
1999,12,9,1772
1999,12,10,1801
1999,12,11,1803
1999,12,12,1794
1999,12,13,1795
1999,12,14,1785
1999,12,15,1786
1999,12,16,1780
1999,12,17,1794
1999,12,18,1801
1999,12,19,1801
1999,12,20,1809
1999,12,21,1802
1999,12,22,1787
1999,12,23,1766
1999,12,24,1772
1999,12,25,1776
1999,12,26,1769
1999,12,27,1779
1999,12,28,1797
1999,12,29,1798
1999,12,30,1768
2000,1,4,1722
2000,1,5,1732
2000,1,6,1779
2000,1,7,1793
2000,1,11,1737
2000,1,12,1748
2000,1,13,1735
2000,1,14,1725
2000,1,15,1723
2000,1,16,1705
2000,1,17,1722
2000,1,18,1711
2000,1,19,1667
2000,1,20,1642
2000,1,21,1640
2000,1,22,1631
2000,1,23,1624
2000,1,24,1717
2000,1,25,1769
2000,1,26,1754
2000,1,27,1752
2000,1,28,1746
2000,1,29,1715
2000,1,30,1689
2000,1,31,1702
2000,2,1,1724
2000,2,2,1748
2000,2,3,1764
2000,2,6,1799
2000,2,7,1811
2000,2,8,1821
2000,2,9,1810
2000,2,10,1787
2000,2,11,1776
2000,2,12,1797
2000,2,13,1808
2000,2,14,1792
2000,2,15,1785
2000,2,16,1771
2000,2,17,1779
2000,2,18,1770
2000,2,19,1783
2000,2,20,1815
2000,2,21,1806
2000,2,22,1804
2000,2,23,1796
2000,2,24,1797
2000,2,25,1804
2000,2,26,1786
2000,2,27,1775
2000,2,28,1776
2000,6,8,1882
2000,6,9,1866
2000,6,10,1871
2000,6,13,1863
2000,6,14,1840
2000,6,15,1870
2000,6,16,1865
2000,6,17,1842
2000,6,18,1854
2000,6,19,1853
2000,6,20,1837
2000,6,21,1826
2000,6,22,1826
2000,6,23,1817
2000,6,24,1822
2000,6,25,1827
2000,6,26,1820
2000,6,27,1829
2000,6,28,1842
2000,6,29,1866
2000,6,30,1877
2000,7,1,1898
2000,7,2,1903
2000,7,3,1908
2000,7,4,1913
2000,7,5,1901
2000,7,6,1887
2000,7,7,1891
2000,7,8,1892
2000,7,9,1868
2000,7,10,1843
2000,7,11,1832
2000,7,12,1846
2000,7,13,1863
2000,7,14,1864
2000,7,15,1872
2000,7,16,1862
2000,7,17,1870
2000,7,18,1863
2000,7,19,1859
2000,7,20,1867
2000,7,21,1863
2000,7,22,1865
2000,7,23,1858
2000,7,24,1834
2000,7,25,1828
2000,7,26,1848
2000,7,27,1857
2000,7,28,1854
2000,7,29,1864
2000,7,30,1869
2000,7,31,1871
2000,8,1,1892
2000,8,2,1905
2000,8,3,1906
2000,8,4,1912
2000,8,5,1895
2000,8,6,1887
2000,8,7,1863
2000,8,8,1833
2000,8,9,1837
2000,8,10,1845
2000,8,11,1850
2000,8,12,1852
2000,8,13,1841
2000,8,14,1839
2000,8,15,1846
2000,8,16,1865
2000,8,17,1875
2000,8,18,1879
2000,8,19,1872
2000,8,20,1850
2000,8,21,1878
2000,8,22,1890
2000,8,23,1877
2000,8,24,1870
2000,8,25,1865
2000,8,26,1860
2000,8,27,1883
2000,8,28,1913
2000,8,29,1925
2000,8,30,1917
2000,8,31,1906
2000,9,1,1865
2000,9,2,1848
2000,9,3,1827
2000,9,4,1855
2000,9,5,1873
2000,9,6,1896
2000,9,7,1944
2000,9,8,1893
2000,9,9,1853
2000,9,10,1883
2000,9,11,2008
2000,9,12,2004
2000,9,13,1985
2000,9,14,1968
2000,9,15,1940
2000,9,16,1905
2000,9,17,1880
2000,9,18,1880
2000,9,19,1853
2000,9,20,1829
2000,9,21,1828
2000,9,22,1991
2000,9,23,2028
2000,9,24,2007
2000,9,25,1997
2000,9,26,1976
2000,9,27,1976
2000,9,28,1978
2000,9,29,1962
2000,9,30,1933
2000,10,1,1924
2000,10,2,1919
2000,10,3,1897
2000,10,4,1880
2000,10,5,1874
2000,10,6,1918
2000,10,7,1958
2000,10,8,1968
2000,10,9,1940
2000,10,10,1948
2000,10,11,1933
2000,10,12,1918
2000,10,13,1919
2000,10,14,1908
2000,10,15,1909
2000,10,16,1889
2000,10,17,1848
2000,10,18,1842
2000,10,19,1898
2000,10,20,1948
2000,10,21,1929
2000,10,22,1942
2000,10,23,1924
2000,10,24,1892
2000,10,25,1900
2000,10,26,1981
2000,10,27,1988
2000,10,28,1920
2000,10,29,1920
2000,10,30,1940
2000,11,3,1845
2000,11,4,1814
2000,11,5,1843
2000,11,6,1807
2000,11,7,1770
2000,11,8,1776
2000,11,9,1859
2000,11,10,1863
2000,11,11,1838
2000,11,12,1816
2000,11,13,1821
2000,11,14,1810
2000,11,15,1797
2000,11,16,1797
2000,11,17,1762
2000,11,18,1739
2000,11,19,1741
2000,11,20,1735
2000,11,21,1759
2000,11,22,1837
2000,11,23,1834
2000,11,24,1827
2000,11,25,1811
2000,11,26,1786
2000,11,27,1802
2000,11,28,1786
2000,11,29,1898
2000,11,30,2025
2000,12,1,1980
2000,12,2,1968
2000,12,3,1956
2000,12,4,1934
2000,12,5,1919
2000,12,6,1945
2000,12,7,1934
2000,12,8,1894
2000,12,9,1871
2000,12,10,1829
2000,12,11,1810
2000,12,12,1823
2000,12,13,1758
2000,12,14,1740
2000,12,15,1784
2000,12,16,1792
2000,12,17,1793
2000,12,18,1796
2000,12,19,1800
2000,12,20,1807
2000,12,21,1866
2000,12,22,1866
2000,12,23,1832
2000,12,24,1819
2000,12,25,1839
2000,12,26,1818
2000,12,27,1801
2000,12,28,1811
2000,12,29,1839
2000,12,30,1867
2000,12,31,1847
2001,1,1,1807
2001,1,2,1790
2001,1,3,1785
2001,1,4,1768
2001,1,5,1780
2001,1,6,1815
2001,1,7,1791
2001,1,8,1805
2001,1,9,1815
2001,1,10,1814
2001,1,11,1820
2001,1,12,1831
2001,1,13,1827
2001,1,14,1797
2001,1,15,1756
2001,1,16,1744
2001,1,17,1736
2001,1,18,1727
2001,1,19,1737
2001,1,20,1740
2001,1,21,1729
2001,1,22,1748
2001,1,23,1749
2001,1,24,1764
2001,1,25,1770
2001,1,26,1758
2001,1,27,1783
2001,1,28,1778
2001,1,29,1761
2001,1,30,1812
2001,1,31,1845
2001,2,1,1860
2001,2,2,1873
2001,2,3,1869
2001,2,4,1851
2001,2,5,1848
2001,2,6,1859
2001,2,7,1855
2001,2,8,1846
2001,2,9,1860
2001,2,10,1847
2001,2,11,1833
2001,2,12,1833
2001,2,13,1826
2001,2,14,1818
2001,2,15,1793
2001,2,16,1780
2001,2,17,1816
2001,2,18,1856
2001,2,19,1844
2001,2,20,1834
2001,2,21,1822
2001,2,22,1802
2001,2,23,1797
2001,2,24,1796
2001,2,25,1802
2001,2,26,1786
2001,2,27,1772
2001,2,28,1774
2001,3,1,1750
2001,3,2,1773
2001,3,3,1785
2001,3,4,1767
2001,3,5,1769
2001,3,6,1782
2001,3,7,1791
2001,3,8,1797
2001,3,9,1768
2001,3,10,1780
2001,3,11,1784
2001,3,12,1798
2001,3,13,1813
2001,3,14,1768
2001,3,15,1760
2001,3,16,1768
2001,3,17,1776
2001,3,18,1772
2001,3,19,1761
2001,3,20,1748
2001,3,21,1747
2001,3,22,1776
2001,3,23,1768
2001,3,24,1759
2001,3,25,1787
2001,3,26,1811
2001,3,27,1816
2001,3,28,1818
2001,3,29,1807
2001,3,30,1810
2001,3,31,1798
2001,4,1,1768
2001,4,2,1795
2001,4,3,1822
2001,4,4,1841
2001,4,5,1832
2001,4,6,1829
2001,4,7,1830
2001,4,8,1822
2001,4,9,1835
2001,4,10,1830
2001,4,11,1816
2001,4,12,1810
2001,4,13,1792
2001,4,14,1783
2001,4,15,1773
2001,4,16,1775
2001,4,17,1773
2001,4,18,1805
2001,4,19,1824
2001,4,20,1915
2001,4,21,1976
2001,4,22,1962
2001,4,23,1955
2001,4,24,1939
2001,4,25,1922
2001,4,26,1902
2001,4,27,1891
2001,4,28,1879
2001,4,29,1867
2001,4,30,1872
2001,5,1,1886
2001,5,2,1876
2001,5,3,1834
2001,5,4,1837
2001,5,5,1846
2001,5,6,1845
2001,5,7,1878
2001,5,8,1905
2001,5,9,1877
2001,5,10,1870
2001,5,11,1910
2001,5,12,1938
2001,5,13,1930
2001,5,14,1901
2001,5,15,1898
2001,5,16,1906
2001,5,17,1902
2001,5,18,1898
2001,5,19,1900
2001,5,20,1883
2001,5,21,1870
2001,5,22,1870
2001,5,23,1867
2001,5,24,1850
2001,5,25,1831
2001,5,26,1823
2001,5,27,1817
2001,5,28,1805
2001,5,29,1798
2001,5,30,1804
2001,5,31,1862
2001,6,1,1903
2001,6,2,1876
2001,6,3,1867
2001,6,4,1867
2001,6,5,1848
2001,6,6,1837
2001,6,7,1831
2001,6,8,1810
2001,6,9,1786
2001,6,10,1769
2001,6,11,1766
2001,6,12,1839
2001,6,13,1901
2001,6,14,1894
2001,6,15,1909
2001,6,16,1920
2001,6,17,1889
2001,6,18,1868
2001,6,19,1837
2001,6,20,1831
2001,6,21,1839
2001,6,22,1842
2001,6,23,1874
2001,6,24,1929
2001,6,25,1969
2001,6,26,1972
2001,6,27,1945
2001,6,28,1955
2001,6,29,1972
2001,6,30,1944
2001,7,1,1926
2001,7,2,1950
2001,7,3,1990
2001,7,4,1997
2001,7,5,1915
2001,7,6,1862
2001,7,7,1832
2001,7,8,1811
2001,7,9,1807
2001,7,10,1837
2001,7,11,1844
2001,7,12,1893
2001,7,13,1920
2001,7,14,1896
2001,7,15,1874
2001,7,16,1886
2001,7,17,1898
2001,7,18,1871
2001,7,19,1813
2001,7,20,1829
2001,7,21,1843
2001,7,22,1824
2001,7,23,1836
2001,7,24,1846
2001,7,25,1841
2001,7,26,1857
2001,7,27,1877
2001,7,28,1872
2001,7,29,1853
2001,7,30,1862
2001,7,31,1854
2001,8,1,1862
2001,8,2,1905
2001,8,3,1907
2001,8,4,1873
2001,8,5,1844
2001,8,6,1852
2001,8,7,1878
2001,8,8,1875
2001,8,9,1850
2001,8,10,1855
2001,8,11,1869
2001,8,12,1865
2001,8,13,1860
2001,8,14,1845
2001,8,15,1832
2001,8,16,1825
2001,8,17,1823
2001,8,18,1834
2001,8,19,1779
2001,8,20,1876
2001,8,21,1925
2001,8,22,1883
2001,8,23,1855
2001,8,24,1845
2001,8,25,1858
2001,8,26,1847
2001,8,27,1823
2001,8,28,1775
2001,8,29,1749
2001,8,30,1836
2001,8,31,1899
2001,9,1,1906
2001,9,2,1884
2001,9,3,1850
2001,9,4,1839
2001,9,5,1841
2001,9,6,1799
2001,9,7,1779
2001,9,8,1776
2001,9,9,1751
2001,9,10,1753
2001,9,11,1761
2001,9,12,1773
2001,9,13,1905
2001,9,14,1958
2001,9,15,1938
2001,9,16,1935
2001,9,17,1939
2001,9,18,1940
2001,9,19,1929
2001,9,20,1911
2001,9,21,1909
2001,9,22,1923
2001,9,23,1904
2001,9,24,1877
2001,9,25,1867
2001,9,26,1862
2001,9,27,1852
2001,9,28,1833
2001,9,29,1818
2001,9,30,1808
2001,10,1,1817
2001,10,2,1817
2001,10,3,1791
2001,10,4,1782
2001,10,5,1777
2001,10,6,1762
2001,10,7,1754
2001,10,8,1748
2001,10,9,1746
2001,10,10,1753
2001,10,11,1747
2001,10,12,1747
2001,10,13,1770
2001,10,14,1771
2001,10,15,1780
2001,10,16,1841
2001,10,17,1945
2001,10,18,1961
2001,10,19,1918
2001,10,20,1888
2001,10,21,1891
2001,10,22,1899
2001,10,23,1858
2001,10,24,1826
2001,10,25,1806
2001,10,26,1806
2001,10,27,1800
2001,10,28,1767
2001,10,29,1764
2001,10,30,1776
2001,10,31,1769
2001,11,1,1763
2001,11,2,1757
2001,11,3,1747
2001,11,4,1743
2001,11,5,1743
2001,11,6,1807
2001,11,7,1868
2001,11,8,1787
2001,11,9,1729
2001,11,10,1722
2001,11,11,1723
2001,11,12,1751
2001,11,13,1819
2001,11,14,1842
2001,11,15,1813
2001,11,16,1802
2001,11,17,1818
2001,11,18,1806
2001,11,19,1776
2001,11,20,1733
2001,11,21,1706
2001,11,22,1736
2001,11,23,1815
2001,11,24,1831
2001,11,25,1808
2001,11,26,1783
2001,11,27,1754
2001,11,28,1757
2001,11,29,1801
2001,11,30,1784
2001,12,1,1750
2001,12,2,1744
2001,12,3,1729
2001,12,4,1719
2001,12,5,1750
2001,12,6,1727
2001,12,7,1695
2001,12,8,1668
2001,12,9,1634
2001,12,10,1638
2001,12,11,1629
2001,12,12,1607
2001,12,13,1583
2001,12,14,1559
2001,12,15,1545
2001,12,16,1576
2001,12,17,1609
2001,12,18,1693
2001,12,19,1755
2001,12,20,1749
2001,12,21,1754
2001,12,22,1717
2001,12,23,1659
2001,12,24,1615
2001,12,25,1616
2001,12,26,1614
2001,12,27,1602
2001,12,28,1590
2001,12,29,1592
2001,12,30,1598
2001,12,31,1612
2002,1,1,1646
2002,1,2,1664
2002,1,3,1683
2002,1,4,1717
2002,1,5,1750
2002,1,6,1746
2002,1,7,1732
2002,1,8,1706
2002,1,9,1689
2002,1,10,1677
2002,1,11,1677
2002,1,12,1671
2002,1,13,1654
2002,1,14,1638
2002,1,15,1608
2002,1,16,1601
2002,1,17,1601
2002,1,18,1604
2002,1,19,1620
2002,1,20,1653
2002,1,21,1674
2002,1,22,1694
2002,1,23,1709
2002,1,24,1674
2002,1,25,1658
2002,1,26,1666
2002,1,27,1680
2002,1,28,1694
2002,1,29,1698
2002,1,30,1721
2002,1,31,1704
2002,2,1,1715
2002,2,2,1759
2002,2,3,1758
2002,2,4,1757
2002,2,5,1743
2002,2,6,1727
2002,2,7,1720
2002,2,8,1752
2002,2,9,1772
2002,2,10,1746
2002,2,11,1734
2002,2,12,1718
2002,2,13,1695
2002,2,14,1692
2002,2,15,1700
2002,2,16,1692
2002,2,17,1684
2002,2,18,1672
2002,2,19,1666
2002,2,20,1664
2002,2,21,1654
2002,2,22,1647
2002,2,23,1657
2002,2,24,1682
2002,2,25,1702
2002,2,26,1718
2002,2,27,1722
2002,2,28,1734
2002,3,1,1753
2002,3,2,1767
2002,3,3,1772
2002,3,4,1794
2002,3,5,1823
2002,3,6,1814
2002,3,7,1771
2002,3,8,1725
2002,3,9,1704
2002,3,10,1713
2002,3,11,1743
2002,3,12,1747
2002,3,13,1743
2002,3,14,1748
2002,3,15,1743
2002,3,16,1726
2002,3,17,1726
2002,3,18,1755
2002,3,19,1747
2002,3,20,1744
2002,3,21,1737
2002,3,22,1725
2002,3,23,1757
2002,3,24,1776
2002,3,25,1768
2002,3,26,1771
2002,3,27,1775
2002,3,28,1740
2002,3,29,1701
2002,3,30,1692
2002,3,31,1675
2002,4,1,1709
2002,4,2,1744
2002,4,3,1745
2002,4,4,1743
2002,4,5,1726
2002,4,6,1715
2002,4,7,1689
2002,4,8,1686
2002,4,9,1714
2002,4,10,1737
2002,4,11,1725
2002,4,12,1692
2002,4,13,1741
2002,4,14,1781
2002,4,15,1804
2002,4,16,1826
2002,4,17,1845
2002,4,18,1834
2002,4,19,1827
2002,4,20,1812
2002,4,21,1824
2002,4,22,1823
2002,4,23,1779
2002,4,24,1763
2002,4,25,1792
2002,4,26,1857
2002,4,27,1914
2002,4,28,1941
2002,4,29,1942
2002,4,30,1876
2002,5,1,1809
2002,5,2,1856
2002,5,3,1854
2002,5,4,1834
2002,5,5,1789
2002,5,6,1778
2002,5,7,1792
2002,5,8,1765
2002,5,9,1731
2002,5,10,1726
2002,5,11,1749
2002,5,12,1749
2002,5,13,1759
2002,5,14,1759
2002,5,15,1737
2002,5,16,1729
2002,5,17,1737
2002,5,18,1747
2002,5,19,1741
2002,5,20,1756
2002,5,21,1764
2002,5,22,1772
2002,5,23,1780
2002,5,24,1784
2002,5,25,1792
2002,5,26,1799
2002,5,27,1789
2002,5,28,1796
2002,5,29,1814
2002,5,30,1811
2002,5,31,1799
2002,6,1,1802
2002,6,2,1818
2002,6,3,1832
2002,6,4,1844
2002,6,5,1859
2002,6,6,1859
2002,6,7,1853
2002,6,8,1858
2002,6,9,1846
2002,6,10,1843
2002,6,11,1838
2002,6,12,1830
2002,6,13,1822
2002,6,14,1812
2002,6,15,1811
2002,6,16,1813
2002,6,17,1820
2002,6,18,1839
2002,6,19,1840
2002,6,20,1834
2002,6,21,1836
2002,6,22,1827
2002,6,23,1822
2002,6,24,1807
2002,6,25,1797
2002,6,26,1798
2002,6,27,1803
2002,6,28,1809
2002,6,29,1827
2002,7,5,1931
2002,7,6,1914
2002,7,7,1923
2002,7,8,1959
2002,7,9,1971
2002,7,10,1977
2002,7,11,1966
2002,7,12,1977
2002,7,13,1990
2002,7,14,1968
2002,7,15,1942
2002,7,16,1944
2002,7,17,1952
2002,7,18,1958
2002,7,19,1959
2002,7,20,1963
2002,7,21,1959
2002,7,22,1969
2002,7,23,1985
2002,7,24,2001
2002,7,25,2003
2002,7,26,1982
2002,7,27,1978
2002,7,28,1958
2002,7,29,1929
2002,7,30,1927
2002,7,31,1886
2002,8,1,1863
2002,8,2,1917
2002,8,3,1943
2002,8,4,1959
2002,8,5,1947
2002,8,6,1945
2002,8,7,1988
2002,8,8,1991
2002,8,9,1976
2002,8,10,1954
2002,8,11,1942
2002,8,12,1962
2002,8,13,1936
2002,8,14,1928
2002,8,15,1919
2002,8,16,1897
2002,8,17,1947
2002,8,18,1988
2002,8,19,2009
2002,8,20,2031
2002,8,21,2079
2002,8,22,2061
2002,8,23,1991
2002,8,24,1941
2002,8,25,1881
2002,8,26,1844
2002,8,27,1796
2002,8,28,1786
2002,9,1,1764
2002,9,2,1758
2002,9,3,1763
2002,9,4,1764
2002,9,5,1788
2002,9,6,1802
2002,9,7,1776
2002,9,8,1777
2002,9,9,1781
2002,9,10,1778
2002,9,11,1786
2002,9,12,1788
2002,9,13,1779
2002,9,14,1765
2002,9,15,1750
2002,9,16,1747
2002,9,17,1774
2002,9,18,1805
2002,9,19,1793
2002,9,20,1803
2002,9,21,1835
2002,9,22,1844
2002,9,23,1833
2002,9,24,1820
2002,9,25,1823
2002,9,26,1806
2002,9,27,1795
2002,9,28,1782
2002,9,29,1774
2002,9,30,1793
2002,10,1,1830
2002,10,2,1812
2002,10,3,1805
2002,10,4,1831
2002,10,5,1827
2002,10,6,1837
2002,10,7,1833
2002,10,8,1829
2002,10,9,1821
2002,10,10,1811
2002,10,11,1791
2002,10,12,1753
2002,10,13,1749
2002,10,14,1763
2002,10,15,1747
2002,10,16,1770
2002,10,17,1812
2002,10,18,1826
2002,10,19,1819
2002,10,20,1799
2002,10,21,1774
2002,10,22,1703
2002,10,23,1654
2002,10,24,1648
2002,10,25,1672
2002,10,26,1680
2002,10,27,1678
2002,10,28,1664
2002,10,29,1673
2002,10,30,1679
2002,10,31,1680
2002,11,1,1689
2002,11,2,1692
2002,11,3,1695
2002,11,4,1683
2002,11,5,1676
2002,11,6,1666
2002,11,7,1653
2002,11,8,1669
2002,11,9,1658
2002,11,10,1607
2002,11,11,1592
2002,11,12,1597
2002,11,13,1594
2002,11,14,1612
2002,11,15,1630
2002,11,16,1633
2002,11,17,1660
2002,11,18,1669
2002,11,19,1644
2002,11,20,1630
2002,11,21,1606
2002,11,22,1623
2002,11,23,1646
2002,11,24,1641
2002,11,25,1626
2002,11,26,1607
2002,11,27,1590
2002,11,28,1623
2002,11,29,1629
2002,11,30,1627
2002,12,1,1622
2002,12,2,1625
2002,12,3,1617
2002,12,4,1613
2002,12,5,1618
2002,12,6,1604
2002,12,7,1591
2002,12,8,1580
2002,12,9,1570
2002,12,10,1556
2002,12,11,1548
2002,12,12,1565
2002,12,13,1562
2002,12,14,1578
2002,12,15,1627
2002,12,16,1690
2002,12,17,1691
2002,12,18,1660
2002,12,19,1709
2002,12,20,1792
2002,12,21,1797
2002,12,22,1752
2002,12,23,1658
2002,12,24,1592
2002,12,25,1561
2002,12,26,1583
2002,12,27,1649
2002,12,28,1706
2002,12,29,1758
2002,12,30,1758
2004,1,1,1670
2004,1,2,1662
2004,1,3,1649
2004,1,4,1633
2004,1,5,1629
2004,1,6,1621
2004,1,7,1598
2004,1,8,1608
2004,1,9,1633
2004,1,10,1651
2004,1,11,1681
2004,1,12,1703
2004,1,13,1708
2004,1,14,1694
2004,1,15,1694
2004,1,16,1694
2004,1,17,1696
2004,1,18,1707
2004,1,19,1707
2004,1,20,1712
2004,1,21,1721
2004,1,22,1712
2004,1,23,1704
2004,1,24,1701
2004,1,25,1701
2004,1,26,1694
2004,1,27,1717
2004,1,28,1728
2004,1,29,1722
2004,1,30,1733
2004,1,31,1712
2004,2,1,1697
2004,2,2,1695
2004,2,3,1712
2004,2,4,1748
2004,2,5,1699
2004,2,6,1670
2004,2,7,1677
2004,2,8,1680
2004,2,9,1694
2004,2,10,1686
2004,2,11,1680
2004,2,12,1674
2004,2,13,1696
2004,2,14,1704
2004,2,15,1684
2004,2,16,1668
2004,2,17,1675
2004,2,18,1715
2004,2,19,1721
2004,2,20,1719
2004,2,21,1715
2004,2,22,1723
2004,2,23,1728
2004,2,24,1726
2004,2,25,1708
2004,2,26,1699
2004,2,27,1697
2004,2,28,1702
2004,2,29,1685
2004,3,1,1685
2004,3,2,1709
2004,3,3,1729
2004,3,4,1702
2004,3,5,1683
2004,3,6,1686
2004,3,7,1677
2004,3,8,1668
2004,3,9,1654
2004,3,10,1673
2004,3,11,1691
2004,3,12,1708
2004,3,13,1695
2004,3,14,1682
2004,3,15,1689
2004,3,16,1696
2004,3,17,1697
2004,3,18,1708
2004,3,19,1741
2004,3,20,1731
2004,3,21,1697
2004,3,22,1697
2004,3,23,1695
2004,3,24,1683
2004,3,25,1689
2004,3,26,1684
2004,3,27,1665
2004,3,28,1664
2004,3,29,1652
2004,3,30,1637
2004,3,31,1649
2004,4,1,1668
2004,4,2,1663
2004,4,3,1673
2004,4,4,1688
2004,4,5,1692
2004,4,6,1692
2004,4,7,1694
2004,4,8,1706
2004,4,9,1691
2004,4,10,1705
2004,4,11,1720
2004,4,12,1732
2004,4,13,1745
2004,4,14,1754
2004,4,15,1745
2004,4,16,1740
2004,4,17,1740
2004,4,18,1728
2004,4,19,1724
2004,4,20,1703
2004,4,21,1725
2004,4,22,1773
2004,4,23,1778
2004,4,24,1760
2004,4,25,1747
2004,4,26,1736
2004,4,27,1732
2004,4,28,1740
2004,4,29,1756
2004,4,30,1777
2004,5,1,1770
2004,5,2,1763
2004,5,3,1780
2004,5,4,1788
2004,5,5,1799
2004,5,6,1778
2004,5,7,1767
2004,5,8,1772
2004,5,9,1765
2004,5,10,1765
2004,5,11,1780
2004,5,12,1784
2004,5,13,1786
2004,5,14,1807
2004,5,15,1816
2004,5,16,1820
2004,5,17,1812
2004,5,18,1797
2004,5,19,1802
2004,5,20,1793
2004,5,21,1795
2004,5,22,1807
2004,5,23,1782
2004,5,24,1742
2004,5,25,1742
2004,5,26,1761
2004,5,27,1770
2004,5,28,1766
2004,5,29,1777
2004,5,30,1797
2004,5,31,1797
2004,6,1,1795
2004,6,2,1821
2004,6,3,1809
2004,6,4,1802
2004,6,5,1795
2004,6,6,1786
2004,6,7,1810
2004,6,8,1805
2004,6,9,1816
2004,6,10,1803
2004,6,11,1769
2004,6,12,1756
2004,6,13,1772
2004,6,14,1793
2004,6,15,1794
2004,6,16,1791
2004,6,17,1796
2004,6,18,1819
2004,6,19,1803
2004,6,20,1783
2004,6,21,1776
2004,6,22,1771
2004,6,23,1768
2004,6,24,1790
2004,6,25,1813
2004,6,26,1825
2004,6,27,1816
2004,6,28,1834
2004,6,29,1860
2004,6,30,1835
2004,7,1,1789
2004,7,2,1794
2004,7,3,1803
2004,7,4,1806
2004,7,5,1789
2004,7,6,1777
2004,7,7,1779
2004,7,8,1780
2004,7,9,1767
2004,7,10,1761
2004,7,11,1768
2004,7,12,1766
2004,7,13,1775
2004,7,14,1790
2004,7,15,1768
2004,7,16,1749
2004,7,17,1751
2004,7,18,1765
2004,7,19,1772
2004,7,20,1787
2004,7,21,1792
2004,7,22,1802
2004,7,23,1842
2004,7,24,1835
2004,7,25,1823
2004,7,26,1840
2004,7,27,1822
2004,7,28,1826
2004,7,29,1842
2004,7,30,1827
2004,7,31,1825
2004,8,1,1844
2004,8,2,1857
2004,8,3,1850
2004,8,4,1854
2004,8,5,1844
2004,8,6,1829
2004,8,7,1827
2004,8,8,1824
2004,8,9,1826
2004,8,10,1841
2004,8,11,1849
2004,8,12,1840
2004,8,13,1834
2004,8,14,1839
2004,8,15,1850
2004,8,16,1858
2004,8,17,1843
2004,8,18,1829
2004,8,19,1804
2004,8,20,1818
2004,8,21,1815
2004,8,22,1811
2004,8,23,1813
2004,8,24,1835
2004,8,25,1840
2004,8,26,1837
2004,8,27,1821
2004,8,28,1818
2004,8,29,1829
2004,8,30,1799
2004,8,31,1801
2004,9,1,1809
2004,9,2,1803
2004,9,3,1804
2004,9,4,1791
2004,9,5,1785
2004,9,6,1773
2004,9,7,1748
2004,9,8,1720
2004,9,9,1722
2004,9,10,1726
2004,9,11,1736
2004,9,12,1736
2004,9,13,1728
2004,9,14,1745
2004,9,15,1768
2004,9,16,1763
2004,9,17,1747
2004,9,18,1741
2004,9,19,1745
2004,9,20,1742
2004,9,21,1759
2004,9,22,1763
2004,9,23,1751
2004,9,24,1765
2004,9,25,1769
2004,9,26,1768
2004,9,27,1764
2004,9,28,1779
2004,9,29,1782
2004,9,30,1772
2004,10,1,1761
2004,10,2,1770
2004,10,3,1781
2004,10,4,1794
2004,10,5,1792
2004,10,6,1775
2004,10,7,1786
2004,10,8,1751
2004,10,9,1743
2004,10,10,1741
2004,10,11,1751
2004,10,12,1782
2004,10,13,1794
2004,10,14,1807
2004,10,15,1790
2004,10,16,1803
2004,10,17,1827
2004,10,18,1805
2004,10,19,1774
2004,10,20,1759
2004,10,21,1755
2004,10,22,1737
2004,10,23,1743
2004,10,24,1740
2004,10,25,1716
2004,10,26,1755
2004,10,27,1780
2004,10,28,1783
2004,10,29,1797
2004,10,30,1794
2004,10,31,1777
2004,11,1,1773
2004,11,2,1765
2004,11,3,1763
2004,11,4,1747
2004,11,5,1737
2004,11,6,1741
2004,11,7,1731
2004,11,8,1722
2004,11,9,1727
2004,11,10,1727
2004,11,11,1716
2004,11,12,1691
2004,11,13,1697
2004,11,14,1730
2004,11,15,1760
2004,11,16,1780
2004,11,17,1755
2004,11,18,1738
2004,11,19,1738
2004,11,20,1731
2004,11,21,1706
2004,11,22,1716
2004,11,23,1701
2004,11,24,1724
2004,11,25,1739
2004,11,26,1717
2004,11,27,1704
2004,11,28,1708
2004,11,29,1713
2004,11,30,1735
2004,12,1,1774
2004,12,2,1767
2004,12,3,1706
2004,12,4,1687
2004,12,5,1679
2004,12,6,1677
2004,12,7,1674
2004,12,8,1671
2004,12,9,1667
2004,12,10,1656
2004,12,11,1660
2004,12,12,1677
2004,12,13,1674
2004,12,14,1688
2004,12,15,1690
2004,12,16,1706
2004,12,17,1722
2004,12,18,1724
2004,12,19,1721
2004,12,20,1696
2004,12,21,1677
2004,12,22,1674
2004,12,23,1673
2004,12,24,1662
2004,12,25,1646
2004,12,26,1641
2004,12,27,1640
2004,12,28,1639
2004,12,29,1642
2004,12,30,1644
2004,12,31,1651
2005,1,1,1660
2005,1,2,1663
2005,1,3,1671
2005,1,4,1674
2005,1,5,1669
2005,1,6,1662
2005,1,7,1647
2005,1,8,1638
2005,1,9,1661
2005,1,10,1675
2005,1,11,1650
2005,1,12,1659
2005,1,13,1687
2005,1,14,1699
2005,1,15,1678
2005,1,16,1638
2005,1,17,1616
2005,1,18,1604
2005,1,19,1588
2005,1,20,1591
2005,1,21,1586
2005,1,22,1584
2005,1,23,1594
2005,1,24,1604
2005,1,25,1642
2005,1,26,1643
2005,1,27,1639
2005,1,28,1649
2005,1,29,1653
2005,1,30,1651
2005,1,31,1633
2005,2,1,1645
2005,2,2,1617
2005,2,3,1590
2005,2,4,1571
2005,2,5,1576
2005,2,6,1571
2005,2,7,1575
2005,2,8,1594
2005,2,9,1605
2005,2,10,1609
2005,2,11,1605
2005,2,12,1607
2005,2,13,1614
2005,2,14,1606
2005,2,15,1606
2005,2,16,1616
2005,2,17,1613
2005,2,18,1606
2005,2,19,1609
2005,2,20,1610
2005,2,21,1627
2005,2,22,1618
2005,2,23,1627
2005,2,24,1641
2005,2,25,1651
2005,2,26,1651
2005,2,27,1657
2005,2,28,1664
2005,3,1,1656
2005,3,2,1645
2005,3,3,1637
2005,3,4,1620
2005,3,5,1610
2005,3,6,1620
2005,3,7,1624
2005,3,8,1627
2005,3,9,1643
2005,3,10,1674
2005,3,11,1706
2005,3,12,1720
2005,3,13,1714
2005,3,14,1690
2005,3,15,1667
2005,3,16,1670
2005,3,17,1681
2005,3,18,1674
2005,3,19,1678
2005,3,20,1673
2005,3,21,1664
2005,3,22,1694
2005,3,23,1715
2005,3,24,1731
2005,3,25,1709
2005,3,26,1700
2005,3,27,1696
2005,3,28,1715
2005,3,29,1738
2005,3,30,1695
2005,3,31,1635
2005,4,1,1631
2005,4,2,1638
2005,4,3,1634
2005,4,4,1636
2005,4,5,1635
2005,4,6,1659
2005,4,7,1671
2005,4,8,1680
2005,4,9,1686
2005,4,10,1685
2005,4,11,1677
2005,4,12,1663
2005,4,13,1645
2005,4,14,1632
2005,4,15,1633
2005,4,16,1639
2005,4,17,1654
2005,4,18,1648
2005,4,19,1640
2005,4,20,1656
2005,4,21,1673
2005,4,22,1693
2005,4,23,1694
2005,4,24,1685
2005,4,25,1685
2005,4,26,1682
2005,4,27,1690
2005,4,28,1688
2005,4,29,1711
2005,4,30,1724
2005,5,1,1737
2005,5,2,1738
2005,5,3,1747
2005,5,4,1762
2005,5,5,1760
2005,5,6,1749
2005,5,7,1747
2005,5,8,1745
2005,5,9,1730
2005,5,10,1726
2005,5,11,1728
2005,5,12,1721
2005,5,13,1716
2005,5,14,1718
2005,5,15,1725
2005,5,16,1728
2005,5,17,1736
2005,5,18,1749
2005,5,19,1751
2005,5,20,1748
2005,5,21,1746
2005,5,22,1734
2005,5,23,1731
2005,5,24,1736
2005,5,25,1731
2005,5,26,1717
2005,5,27,1732
2005,5,28,1751
2005,5,29,1751
2005,5,30,1752
2005,5,31,1754
2005,6,1,1772
2005,6,2,1802
2005,6,3,1793
2005,6,4,1810
2005,6,5,1824
2005,6,6,1829
2005,6,7,1837
2005,6,8,1814
2005,6,9,1789
2005,6,10,1791
2005,6,11,1798
2005,6,12,1812
2005,6,13,1809
2005,6,14,1804
2005,6,15,1814
2005,6,16,1806
2005,6,17,1796
2005,6,18,1794
2005,6,19,1792
2005,6,20,1801
2005,6,21,1801
2005,6,22,1801
2005,6,23,1791
2005,6,24,1762
2005,6,25,1758
2005,6,26,1765
2005,6,27,1776
2005,6,28,1807
2005,6,29,1813
2005,6,30,1811
2005,7,1,1794
2005,7,2,1787
2005,7,3,1793
2005,7,4,1790
2005,7,5,1789
2005,7,6,1784
2005,7,7,1783
2005,7,8,1803
2005,7,9,1807
2005,7,10,1787
2005,7,11,1790
2005,7,12,1797
2005,7,13,1799
2005,7,14,1804
2005,7,15,1819
2005,7,16,1847
2005,7,17,1859
2005,7,18,1851
2005,7,19,1830
2005,7,20,1842
2005,7,21,1909
2005,7,22,1922
2005,7,27,1889
2005,7,28,1874
2005,7,29,1873
2005,7,30,1879
2005,7,31,1876
2005,8,1,1881
2005,8,2,1888
2005,8,3,1888
2005,8,4,1878
2005,8,5,1872
2005,8,6,1872
2005,8,7,1871
2005,8,8,1850
2005,8,9,1838
2005,8,10,1864
2005,8,11,1875
2005,8,12,1832
2005,8,13,1757
2005,8,14,1756
2005,8,15,1775
2005,8,16,1791
2005,8,17,1798
2005,8,18,1798
2005,8,19,1810
2005,8,20,1800
2005,8,21,1822
2005,8,22,1830
2005,8,23,1838
2005,8,24,1834
2005,8,25,1825
2005,8,26,1822
2005,8,27,1822
2005,8,28,1813
2005,8,29,1824
2005,8,30,1836
2005,8,31,1853
2005,9,1,1869
2005,9,2,1852
2005,9,3,1874
2005,9,4,1906
2005,9,5,1901
2005,9,6,1884
2005,9,7,1880
2005,9,8,1871
2005,9,9,1852
2005,9,10,1848
2005,9,11,1849
2005,9,12,1859
2005,9,13,1859
2005,9,14,1854
2005,9,15,1871
2005,9,16,1883
2005,9,17,1875
2005,9,18,1857
2005,9,19,1864
2005,9,20,1872
2005,9,21,1865
2005,9,22,1835
2005,9,23,1787
2005,9,24,1788
2005,9,25,1821
2005,9,26,1799
2005,9,27,1773
2005,9,28,1802
2005,9,29,1820
2005,9,30,1825
2005,10,1,1832
2005,10,2,1845
2005,10,3,1861
2005,10,4,1844
2005,10,5,1832
2005,10,6,1835
2005,10,7,1857
2005,10,8,1839
2005,10,9,1829
2005,10,10,1825
2005,10,11,1827
2005,10,12,1830
2005,10,13,1855
2005,10,14,1866
2005,10,15,1857
2005,10,16,1860
2005,10,17,1850
2005,10,18,1835
2005,10,19,1820
2005,10,20,1809
2005,10,21,1788
2005,10,22,1801
2005,10,23,1802
2005,10,24,1796
2005,10,25,1825
2005,10,26,1844
2005,10,27,1828
2005,10,28,1833
2005,10,29,1858
2005,10,30,1869
2005,10,31,1848
2005,11,1,1820
2005,11,2,1810
2005,11,3,1808
2005,11,4,1800
2005,11,5,1806
2005,11,6,1795
2005,11,7,1778
2005,11,8,1821
2005,11,9,1848
2005,11,10,1840
2005,11,11,1838
2005,11,12,1845
2005,11,13,1842
2005,11,14,1847
2005,11,15,1862
2005,11,16,1856
2005,11,17,1824
2005,11,18,1795
2005,11,19,1796
2005,11,20,1795
2005,11,21,1796
2005,11,22,1787
2005,11,23,1783
2005,11,24,1799
2005,11,25,1818
2005,11,26,1831
2005,11,27,1820
2005,11,28,1807
2005,11,29,1812
2005,11,30,1795
2005,12,1,1789
2005,12,2,1774
2005,12,3,1765
2005,12,4,1772
2005,12,5,1782
2005,12,6,1775
2005,12,7,1778
2005,12,8,1797
2005,12,9,1813
2005,12,10,1820
2005,12,11,1813
2005,12,12,1800
2005,12,13,1796
2005,12,14,1782
2005,12,15,1791
2005,12,16,1805
2005,12,17,1791
2005,12,18,1784
2005,12,19,1780
2005,12,20,1778
2005,12,21,1789
2005,12,22,1784
2005,12,23,1783
2005,12,24,1786
2005,12,25,1836
2005,12,26,1835
2005,12,27,1799
2005,12,28,1781
2005,12,29,1746
2005,12,30,1745
2005,12,31,1755
2006,1,1,1755
2006,1,2,1781
2006,1,3,1794
2006,1,4,1791
2006,1,5,1798
2006,1,6,1783
2006,1,7,1760
2006,1,8,1753
2006,1,9,1744
2006,1,10,1753
2006,1,11,1767
2006,1,12,1756
2006,1,13,1744
2006,1,14,1734
2006,1,15,1750
2006,1,16,1747
2006,1,17,1733
2006,1,18,1750
2006,1,19,1772
2006,1,20,1764
2006,1,21,1764
2006,1,22,1785
2006,1,23,1782
2006,1,24,1767
2006,1,25,1738
2006,1,26,1732
2006,1,27,1754
2006,1,28,1760
2006,1,29,1756
2006,1,30,1744
2006,1,31,1761
2006,2,1,1764
2006,2,2,1768
2006,2,3,1756
2006,2,4,1747
2006,2,5,1748
2006,2,6,1728
2006,2,7,1740
2006,2,8,1756
2006,2,9,1724
2006,2,10,1715
2006,2,11,1731
2006,2,12,1745
2006,2,13,1758
2006,2,14,1756
2006,2,15,1744
2006,2,16,1739
2006,2,17,1749
2006,2,18,1751
2006,2,19,1743
2006,2,20,1743
2006,2,21,1748
2006,2,22,1754
2006,2,23,1755
2006,2,24,1753
2006,2,25,1762
2006,2,26,1770
2006,2,27,1784
2006,2,28,1792
2006,3,1,1789
2006,3,2,1788
2006,3,3,1798
2006,3,4,1791
2006,3,5,1768
2006,3,6,1789
2006,3,7,1819
2006,3,8,1816
2006,3,9,1796
2006,3,10,1776
2006,3,11,1773
2006,3,12,1812
2006,3,13,1810
2006,3,14,1782
2006,3,15,1766
2006,3,16,1786
2006,3,17,1813
2006,3,18,1821
2006,3,19,1827
2006,3,20,1816
2006,3,21,1813
2006,3,22,1826
2006,3,23,1842
2006,3,24,1846
2006,3,25,1837
2006,3,26,1835
2006,3,27,1823
2006,3,28,1818
2006,3,29,1817
2006,3,30,1819
2006,3,31,1812
2006,4,1,1827
2006,4,2,1851
2006,4,3,1829
2006,4,4,1826
2006,4,5,1836
2006,4,6,1836
2006,4,7,1841
2006,4,8,1850
2006,4,9,1844
2006,4,10,1826
2006,4,11,1830
2006,4,12,1879
2006,4,13,1892
2006,4,14,1883
2006,4,15,1862
2006,4,16,1846
2006,4,17,1851
2006,4,18,1850
2006,4,19,1861
2006,4,20,1879
2006,4,21,1901
2006,4,22,1910
2006,4,23,1899
2006,4,24,1904
2006,4,25,1908
2006,4,26,1899
2006,4,27,1883
2006,4,28,1860
2006,4,29,1851
2006,4,30,1842
2006,5,1,1821
2006,5,2,1828
2006,5,3,1835
2006,5,4,1823
2006,5,5,1821
2006,5,6,1845
2006,5,7,1854
2006,5,8,1862
2006,5,9,1869
2006,5,10,1874
2006,5,11,1888
2006,5,12,1864
2006,5,13,1860
2006,5,14,1864
2006,5,15,1861
2006,5,16,1838
2006,5,17,1818
2006,5,18,1844
2006,5,19,1868
2006,5,20,1888
2006,5,21,1894
2006,5,22,1868
2006,5,23,1870
2006,5,24,1883
2006,5,25,1875
2006,5,26,1854
2006,5,27,1835
2006,5,28,1832
2006,5,29,1850
2006,5,30,1840
2006,5,31,1856
2006,6,1,1890
2006,6,2,1900
2006,6,3,1914
2006,6,4,1906
2006,6,5,1900
2006,6,6,1899
2006,6,7,1916
2006,6,8,1923
2006,6,9,1915
2006,6,10,1906
2006,6,11,1902
2006,6,12,1910
2006,6,13,1909
2006,6,14,1905
2006,6,15,1911
2006,6,16,1913
2006,6,17,1904
2006,6,18,1918
2006,6,19,1918
2006,6,20,1940
2006,6,21,1931
2006,6,22,1932
2006,6,23,1942
2006,6,24,1939
2006,6,25,1923
2006,6,26,1922
2006,6,27,1911
2006,6,28,1903
2006,6,29,1920
2006,6,30,1909
2006,7,1,1895
2006,7,2,1896
2006,7,3,1903
2006,7,4,1918
2006,7,5,1906
2006,7,6,1900
2006,7,7,1911
2006,7,8,1917
2006,7,9,1921
2006,7,10,1923
2006,7,11,1931
2006,7,12,1946
2006,7,13,1944
2006,7,14,1906
2006,7,15,1875
2006,7,16,1893
2006,7,17,1921
2006,7,18,1918
2006,7,19,1912
2006,7,20,1906
2006,7,21,1875
2006,7,22,1861
2006,7,23,1871
2006,7,24,1872
2006,7,25,1843
2006,7,26,1841
2006,7,27,1880
2006,7,28,1913
2006,7,29,1932
2006,7,30,1940
2006,7,31,1910
2006,8,1,1894
2006,8,2,1892
2006,8,3,1886
2006,8,4,1889
2006,8,5,1907
2006,8,6,1912
2006,8,7,1947
2006,8,8,2000
2006,8,9,1997
2006,8,10,1995
2006,8,11,1982
2006,8,12,1964
2006,8,13,1942
2006,8,14,1923
2006,8,15,1896
2006,8,16,1876
2006,8,17,1869
2006,8,18,1863
2006,8,19,1849
2006,8,20,1853
2006,8,21,1857
2006,8,22,1856
2006,8,23,1857
2006,8,24,1850
2006,8,25,1845
2006,8,26,1845
2006,8,27,1822
2006,8,28,1819
2006,8,29,1805
2006,8,30,1812
2006,8,31,1826
2006,9,1,1834
2006,9,2,1829
2006,9,3,1813
2006,9,4,1806
2006,9,5,1821
2006,9,6,1841
2006,9,7,1850
2006,9,8,1851
2006,9,9,1841
2006,9,10,1829
2006,9,11,1815
2006,9,12,1825
2006,9,13,1837
2006,9,14,1824
2006,9,15,1820
2006,9,16,1818
2006,9,17,1825
2006,9,18,1836
2006,9,19,1843
2006,9,20,1872
2006,9,21,1892
2006,9,22,1898
2006,9,23,1899
2006,9,24,1904
2006,9,25,1916
2006,9,26,1932
2006,9,27,1932
2006,9,28,1914
2006,9,29,1897
2006,9,30,1887
2006,10,1,1904
2006,10,2,1919
2006,10,3,1915
2006,10,4,1920
2006,10,5,1912
2006,10,6,1890
2006,10,7,1895
2006,10,8,1874
2006,10,9,1862
2006,10,10,1859
2006,10,11,1853
2006,10,12,1823
2006,10,13,1784
2006,10,14,1767
2006,10,15,1752
2006,10,16,1741
2006,10,17,1749
2006,10,18,1759
2006,10,19,1762
2006,10,20,1762
2006,10,21,1749
2006,10,22,1751
2006,10,23,1758
2006,10,24,1759
2006,10,25,1782
2006,10,26,1780
2006,10,27,1751
2006,10,28,1765
2006,10,29,1793
2006,10,30,1784
2006,10,31,1789
2006,11,1,1780
2006,11,2,1773
2006,11,3,1771
2006,11,4,1776
2006,11,5,1786
2006,11,6,1789
2006,11,7,1761
2006,11,8,1744
2006,11,9,1746
2006,11,10,1752
2006,11,11,1763
2006,11,12,1754
2006,11,13,1747
2006,11,14,1727
2006,11,15,1727
2006,11,16,1734
2006,11,17,1739
2006,11,18,1737
2006,11,19,1714
2006,11,20,1730
2006,11,21,1732
2006,11,22,1727
2006,11,23,1711
2006,11,24,1715
2006,11,25,1710
2006,11,26,1709
2006,11,27,1718
2006,11,28,1728
2006,11,29,1741
2006,11,30,1748
2006,12,1,1732
2006,12,2,1709
2006,12,3,1698
2006,12,4,1687
2006,12,5,1664
2006,12,6,1672
2006,12,7,1692
2006,12,8,1737
2006,12,9,1803
2006,12,10,1748
2006,12,11,1714
2006,12,12,1719
2006,12,13,1700
2006,12,14,1693
2006,12,15,1680
2006,12,16,1686
2006,12,17,1685
2006,12,18,1683
2006,12,19,1686
2006,12,20,1677
2006,12,21,1698
2006,12,22,1721
2006,12,23,1738
2006,12,24,1730
2006,12,25,1737
2006,12,26,1737
2006,12,27,1717
2006,12,28,1703
2006,12,29,1707
2006,12,30,1684
2006,12,31,1675
2007,1,1,1702
2007,1,2,1714
2007,1,3,1710
2007,1,4,1722
2007,1,5,1733
2007,1,6,1718
2007,1,7,1709
2007,1,8,1703
2007,1,9,1684
2007,1,10,1680
2007,1,11,1685
2007,1,12,1684
2007,1,13,1690
2007,1,14,1686
2007,1,15,1666
2007,1,16,1667
2007,1,17,1719
2007,1,18,1755
2007,1,19,1755
2007,1,20,1749
2007,1,21,1760
2007,1,22,1772
2007,1,23,1763
2007,1,24,1730
2007,1,25,1720
2007,1,26,1716
2007,1,27,1723
2007,1,28,1728
2007,1,29,1686
2007,1,30,1680
2007,1,31,1688
2007,2,1,1692
2007,2,2,1676
2007,2,3,1689
2007,2,4,1705
2007,2,5,1709
2007,2,6,1708
2007,2,7,1693
2007,2,8,1666
2007,2,9,1667
2007,2,10,1680
2007,2,11,1658
2007,2,12,1642
2007,2,13,1678
2007,2,14,1686
2007,2,15,1692
2007,2,16,1722
2007,2,17,1731
2007,2,18,1746
2007,2,19,1769
2007,2,20,1758
2007,2,21,1756
2007,2,22,1743
2007,2,23,1740
2007,2,24,1748
2007,2,25,1743
2007,2,26,1737
2007,2,27,1744
2007,2,28,1761
2007,3,1,1766
2007,3,2,1753
2007,3,3,1766
2007,3,4,1779
2007,3,5,1781
2007,3,6,1772
2007,3,7,1771
2007,3,8,1744
2007,3,9,1721
2007,3,10,1722
2007,3,11,1721
2007,3,12,1729
2007,3,13,1730
2007,3,14,1744
2007,3,15,1773
2007,3,16,1797
2007,3,17,1814
2007,3,18,1813
2007,3,19,1791
2007,3,20,1785
2007,3,21,1788
2007,3,22,1770
2007,3,23,1758
2007,3,24,1776
2007,3,25,1792
2007,3,26,1789
2007,3,27,1778
2007,3,28,1770
2007,3,29,1761
2007,3,30,1755
2007,3,31,1756
2007,4,1,1750
2007,4,2,1754
2007,4,3,1771
2007,4,4,1740
2007,4,5,1709
2007,4,6,1719
2007,4,7,1753
2007,4,8,1770
2007,4,9,1754
2007,4,10,1783
2007,4,11,1802
2007,4,12,1778
2007,4,13,1798
2007,4,14,1813
2007,4,15,1816
2007,4,16,1809
2007,4,17,1809
2007,4,18,1812
2007,4,19,1795
2007,4,20,1779
2007,4,21,1774
2007,4,22,1778
2007,4,23,1789
2007,4,24,1804
2007,4,25,1815
2007,4,26,1806
2007,4,27,1799
2007,4,28,1804
2007,4,29,1807
2007,4,30,1803
2007,5,1,1790
2007,5,2,1790
2007,5,3,1803
2007,5,4,1815
2007,5,5,1819
2007,5,6,1829
2007,5,7,1834
2007,5,8,1831
2007,5,9,1825
2007,5,10,1827
2007,5,11,1822
2007,5,12,1816
2007,5,13,1812
2007,5,14,1816
2007,5,15,1825
2007,5,16,1817
2007,5,17,1816
2007,5,18,1829
2007,5,19,1833
2007,5,20,1831
2007,5,21,1834
2007,5,22,1844
2007,5,23,1848
2007,5,24,1853
2007,5,25,1847
2007,5,26,1837
2007,5,27,1819
2007,5,28,1825
2007,5,29,1845
2007,5,30,1842
2007,5,31,1840
2007,6,1,1836
2007,6,2,1821
2007,6,3,1820
2007,6,4,1819
2007,6,5,1828
2007,6,6,1829
2007,6,7,1836
2007,6,8,1833
2007,6,9,1846
2007,6,10,1865
2007,6,11,1868
2007,6,12,1871
2007,6,13,1873
2007,6,14,1879
2007,6,15,1874
2007,6,16,1872
2007,6,17,1880
2007,6,18,1877
2007,6,19,1873
2007,6,20,1876
2007,6,21,1861
2007,6,22,1848
2007,6,23,1827
2007,6,24,1822
2007,6,25,1824
2007,6,26,1810
2007,6,27,1804
2007,6,28,1805
2007,6,29,1794
2007,6,30,1798
2007,7,1,1790
2007,7,2,1792
2007,7,3,1817
2007,7,4,1823
2007,7,5,1830
2007,7,6,1868
2007,7,7,1884
2007,7,8,1885
2007,7,9,1891
2007,7,10,1904
2007,7,11,1903
2007,7,12,1878
2007,7,13,1870
2007,7,14,1855
2007,7,15,1822
2007,7,16,1809
2007,7,17,1807
2007,7,18,1812
2007,7,19,1819
2007,7,20,1819
2007,7,21,1855
2007,7,22,1886
2007,7,23,1851
2007,7,24,1829
2007,7,25,1821
2007,7,26,1838
2007,7,27,1834
2007,7,28,1827
2007,7,29,1835
2007,7,30,1849
2007,7,31,1872
2007,8,1,1897
2007,8,2,1901
2007,8,3,1909
2007,8,4,1930
2007,8,5,1927
2007,8,6,1927
2007,8,7,1922
2007,8,8,1912
2007,8,9,1887
2007,8,10,1856
2007,8,11,1853
2007,8,12,1873
2007,8,13,1891
2007,8,14,1918
2007,8,15,1921
2007,8,16,1903
2007,8,17,1895
2007,8,18,1862
2007,8,19,1831
2007,8,20,1819
2007,8,21,1825
2007,8,22,1832
2007,8,23,1830
2007,8,24,1838
2007,8,25,1840
2007,8,26,1829
2007,8,27,1813
2007,8,28,1823
2007,8,29,1838
2007,8,30,1844
2007,8,31,1860
2007,9,1,1855
2007,9,2,1843
2007,9,3,1847
2007,9,4,1861
2007,9,5,1851
2007,9,6,1852
2007,9,7,1853
2007,9,8,1847
2007,9,9,1857
2007,9,10,1844
2007,9,11,1846
2007,9,12,1854
2007,9,13,1861
2007,9,14,1862
2007,9,15,1858
2007,9,16,1856
2007,9,17,1848
2007,9,18,1854
2007,9,19,1865
2007,9,20,1854
2007,9,21,1834
2007,9,22,1829
2007,9,23,1847
2007,9,24,1884
2007,9,25,1877
2007,9,26,1876
2007,9,27,1891
2007,9,28,1906
2007,9,29,1917
2007,9,30,1925
2007,10,1,1930
2007,10,2,1909
2007,10,3,1862
2007,10,4,1840
2007,10,5,1844
2007,10,6,1846
2007,10,7,1828
2007,10,8,1809
2007,10,9,1812
2007,10,10,1770
2007,10,11,1739
2007,10,12,1718
2007,10,13,1714
2007,10,14,1702
2007,10,15,1699
2007,10,16,1706
2007,10,17,1716
2007,10,18,1717
2007,10,19,1715
2007,10,20,1728
2007,10,21,1738
2007,10,22,1752
2007,10,23,1755
2007,10,24,1763
2007,10,25,1777
2007,10,26,1770
2007,10,27,1781
2007,10,28,1788
2007,10,29,1755
2007,10,30,1753
2007,10,31,1756
2007,11,1,1738
2007,11,2,1749
2007,11,3,1763
2007,11,4,1758
2007,11,5,1731
2007,11,6,1733
2007,11,7,1752
2007,11,8,1749
2007,11,9,1740
2007,11,10,1748
2007,11,11,1755
2007,11,12,1740
2007,11,13,1735
2007,11,14,1730
2007,11,15,1720
2007,11,16,1731
2007,11,17,1757
2007,11,18,1770
2007,11,19,1782
2007,11,20,1729
2007,11,21,1714
2007,11,22,1739
2007,11,23,1776
2007,11,24,1785
2007,11,25,1771
2007,11,26,1798
2007,11,27,1843
2007,11,28,1782
2007,11,29,1693
2007,11,30,1636
2007,12,1,1626
2007,12,2,1609
2007,12,3,1623
2007,12,4,1648
2007,12,5,1640
2007,12,6,1636
2007,12,7,1649
2007,12,8,1652
2007,12,9,1644
2007,12,10,1613
2007,12,11,1622
2007,12,12,1678
2007,12,13,1737
2007,12,14,1742
2007,12,15,1735
2007,12,16,1733
2007,12,17,1711
2007,12,18,1710
2007,12,19,1722
2007,12,20,1722
2007,12,21,1698
2007,12,22,1709
2007,12,23,1746
2007,12,24,1763
2007,12,25,1752
2007,12,26,1723
2007,12,27,1706
2007,12,28,1732
2007,12,29,1757
2007,12,30,1733
2007,12,31,1717
2008,1,1,1691
2008,1,2,1668
2008,1,3,1637
2008,1,4,1642
2008,1,5,1658
2008,1,6,1653
2008,1,7,1650
2008,1,8,1657
2008,1,9,1671
2008,1,10,1678
2008,1,11,1688
2008,1,12,1680
2008,1,13,1679
2008,1,14,1675
2008,1,15,1665
2008,1,16,1658
2008,1,17,1656
2008,1,18,1650
2008,1,19,1648
2008,1,20,1649
2008,1,21,1652
2008,1,22,1668
2008,1,23,1691
2008,1,24,1671
2008,1,25,1649
2008,1,26,1646
2008,1,27,1648
2008,1,28,1641
2008,1,29,1681
2008,1,30,1689
2008,1,31,1679
2008,2,1,1687
2008,2,2,1691
2008,2,3,1686
2008,2,4,1683
2008,2,5,1679
2008,2,6,1693
2008,2,7,1719
2008,2,8,1724
2008,2,9,1710
2008,2,10,1694
2008,2,11,1701
2008,2,12,1707
2008,2,13,1696
2008,2,14,1684
2008,2,15,1675
2008,2,16,1686
2008,2,17,1679
2008,2,18,1666
2008,2,19,1670
2008,2,20,1698
2008,2,21,1711
2008,2,22,1707
2008,2,23,1722
2008,2,24,1733
2008,2,25,1730
2008,2,26,1694
2008,2,27,1675
2008,2,28,1681
2008,2,29,1679
2008,3,1,1697
2008,3,2,1705
2008,3,3,1723
2008,3,4,1736
2008,3,5,1719
2008,3,6,1690
2008,3,7,1692
2008,3,8,1706
2008,3,9,1706
2008,3,10,1719
2008,3,11,1715
2008,3,12,1726
2008,3,13,1718
2008,3,14,1716
2008,3,15,1720
2008,3,16,1741
2008,3,17,1743
2008,3,18,1748
2008,3,19,1757
2008,3,20,1748
2008,3,21,1751
2008,3,22,1757
2008,3,23,1742
2008,3,24,1722
2008,3,25,1730
2008,3,26,1757
2008,3,27,1761
2008,3,28,1733
2008,3,29,1715
2008,3,30,1734
2008,3,31,1751
2008,4,1,1742
2008,4,2,1728
2008,4,3,1740
2008,4,4,1754
2008,4,5,1745
2008,4,6,1729
2008,4,7,1736
2008,4,8,1750
2008,4,9,1755
2008,4,10,1761
2008,4,11,1761
2008,4,12,1746
2008,4,13,1769
2008,4,14,1783
2008,4,15,1781
2008,4,16,1780
2008,4,17,1770
2008,4,18,1761
2008,4,19,1764
2008,4,20,1762
2008,4,21,1749
2008,4,22,1753
2008,4,23,1746
2008,4,24,1744
2008,4,25,1752
2008,4,26,1741
2008,4,27,1749
2008,4,28,1776
2008,4,29,1785
2008,4,30,1801
2008,5,1,1813
2008,5,2,1821
2008,5,3,1801
2008,5,4,1796
2008,5,5,1793
2008,5,6,1788
2008,5,7,1793
2008,5,8,1810
2008,5,9,1836
2008,5,10,1856
2008,5,11,1856
2008,5,12,1841
2008,5,13,1838
2008,5,14,1849
2008,5,15,1861
2008,5,16,1844
2008,5,17,1817
2008,5,18,1805
2008,5,19,1776
2008,5,20,1759
2008,5,21,1766
2008,5,22,1769
2008,5,23,1765
2008,5,24,1773
2008,5,25,1785
2008,5,26,1777
2008,5,27,1777
2008,5,28,1784
2008,5,29,1794
2008,5,30,1801
2008,5,31,1786
2008,6,1,1785
2008,6,2,1777
2008,6,3,1765
2008,6,4,1774
2008,6,5,1790
2008,6,6,1790
2008,6,7,1776
2008,6,8,1771
2008,6,9,1774
2008,6,10,1777
2008,6,11,1774
2008,6,12,1769
2008,6,13,1767
2008,6,14,1763
2008,6,15,1755
2008,6,16,1733
2008,6,17,1730
2008,6,18,1776
2008,6,19,1816
2008,6,20,1851
2008,6,21,1831
2008,6,22,1832
2008,6,23,1842
2008,6,24,1820
2008,6,25,1812
2008,6,26,1815
2008,6,27,1819
2008,6,28,1827
2008,6,29,1827
2008,6,30,1820
2008,7,1,1840
2008,7,2,1869
2008,7,3,1834
2008,7,4,1840
2008,7,5,1858
2008,7,6,1877
2008,7,7,1868
2008,7,8,1865
2008,7,9,1851
2008,7,10,1849
2008,7,11,1882
2008,7,12,1905
2008,7,13,1899
2008,7,14,1900
2008,7,15,1910
2008,7,16,1909
2008,7,17,1906
2008,7,18,1892
2008,7,19,1880
2008,7,20,1888
2008,7,21,1919
2008,7,22,1936
2008,7,23,1932
2008,7,24,1931
2008,7,25,1935
2008,7,26,1928
2008,7,27,1898
2010,1,1,1721
2010,1,2,1731
2010,1,3,1725
2010,1,4,1729
2010,1,5,1726
2010,1,6,1730
2010,1,7,1725
2010,1,8,1700
2010,1,9,1705
2010,1,10,1701
2010,1,11,1709
2010,1,12,1718
2010,1,13,1688
2010,1,14,1663
2010,1,15,1647
2010,1,16,1660
2010,1,17,1688
2010,1,18,1688
2010,1,19,1691
2010,1,20,1682
2010,1,21,1667
2010,1,22,1670
2010,1,23,1677
2010,1,24,1644
2010,1,25,1631
2010,1,26,1629
2010,1,27,1620
2010,1,28,1646
2010,1,29,1675
2010,1,30,1686
2010,1,31,1679
2010,2,1,1699
2010,2,2,1712
2010,2,3,1678
2010,2,4,1642
2010,2,5,1620
2010,2,6,1615
2010,2,7,1614
2010,2,8,1610
2010,2,9,1606
2010,2,10,1627
2010,2,11,1633
2010,2,12,1640
2010,2,13,1641
2010,2,14,1647
2010,2,15,1649
2010,2,16,1661
2010,2,17,1670
2010,2,18,1650
2010,2,19,1650
2010,2,20,1660
2010,2,21,1672
2010,2,22,1680
2010,2,23,1682
2010,2,24,1677
2010,2,25,1672
2010,2,26,1696
2010,2,27,1710
2010,2,28,1684
2010,3,1,1669
2010,3,2,1660
2010,3,3,1667
2010,3,4,1668
2010,3,5,1664
2010,3,6,1666
2010,3,7,1669
2010,3,8,1675
2010,3,9,1676
2010,3,10,1648
2010,3,11,1644
2010,3,12,1632
2010,3,13,1634
2010,3,14,1662
2010,3,15,1675
2010,3,16,1677
2010,3,17,1674
2010,3,18,1665
2010,3,19,1663
2010,3,20,1650
2010,3,21,1663
2010,3,22,1684
2010,3,23,1698
2010,3,24,1714
2010,3,25,1736
2010,3,26,1736
2010,3,27,1703
2010,3,28,1706
2010,3,29,1714
2010,3,30,1702
2010,3,31,1701
2010,4,1,1713
2010,4,2,1732
2010,4,3,1723
2010,4,4,1706
2010,4,5,1693
2010,4,6,1698
2010,4,7,1698
2010,4,8,1691
2010,4,9,1688
2010,4,10,1702
2010,4,11,1721
2010,4,12,1725
2010,4,13,1716
2010,4,14,1702
2010,4,15,1713
2010,4,16,1713
2010,4,17,1688
2010,4,18,1677
2010,4,19,1704
2010,4,20,1731
2010,4,21,1753
2010,4,22,1755
2010,4,23,1752
2010,4,24,1760
2010,4,25,1756
2010,4,26,1744
2010,4,27,1731
2010,4,28,1728
2010,4,29,1730
2010,4,30,1743
2010,5,1,1754
2010,5,2,1763
2010,5,3,1783
2010,5,4,1796
2010,5,5,1779
2010,5,6,1774
2010,5,7,1787
2010,5,8,1797
2010,5,9,1802
2010,5,10,1801
2010,5,11,1785
2010,5,12,1785
2010,5,13,1796
2010,5,14,1813
2010,5,15,1834
2010,5,16,1831
2010,5,17,1820
2010,5,18,1821
2010,5,19,1830
2010,5,20,1829
2010,5,21,1846
2010,5,22,1872
2010,5,23,1874
2010,5,24,1863
2010,5,25,1865
2010,5,26,1847
2010,5,27,1832
2010,5,28,1841
2010,5,29,1850
2010,5,30,1846
2010,5,31,1861
2010,6,1,1887
2010,6,2,1893
2010,6,3,1873
2010,6,4,1871
2010,6,5,1892
2010,6,6,1880
2010,6,7,1870
2010,6,8,1854
2010,6,9,1855
2010,6,10,1858
2010,6,11,1837
2010,6,12,1848
2010,6,13,1874
2010,6,14,1879
2010,6,15,1875
2010,6,16,1880
2010,6,17,1894
2010,6,18,1887
2010,6,19,1886
2010,6,20,1901
2010,6,21,1889
2010,6,22,1871
2010,6,23,1874
2010,6,24,1903
2010,6,25,1901
2010,6,26,1878
2010,6,27,1891
2010,6,28,1909
2010,6,29,1901
2010,6,30,1890
2010,7,1,1899
2010,7,2,1902
2010,7,3,1885
2010,7,4,1893
2010,7,5,1908
2010,7,6,1900
2010,7,7,1896
2010,7,8,1890
2010,7,9,1903
2010,7,10,1893
2010,7,11,1897
2010,7,12,1939
2010,7,13,1957
2010,7,14,1949
2010,7,15,1956
2010,7,16,1963
2010,7,17,1957
2010,7,18,1949
2010,7,19,1946
2010,7,20,1939
2010,7,21,1927
2010,7,22,1928
2010,7,23,1934
2010,7,24,1935
2010,7,25,1934
2010,7,26,1925
2010,7,27,1907
2010,7,28,1895
2010,7,29,1899
2010,7,30,1894
2010,7,31,1884
2010,8,1,1904
2010,8,2,1916
2010,8,3,1934
2010,8,4,1938
2010,8,5,1923
2010,8,6,1919
2010,8,7,1918
2010,8,8,1914
2010,8,9,1916
2010,8,10,1904
2010,8,11,1878
2010,8,12,1878
2010,8,13,1897
2010,8,14,1893
2010,8,15,1880
2010,8,16,1895
2010,8,17,1909
2010,8,18,1907
2010,8,19,1911
2010,8,20,1913
2010,8,21,1900
2010,8,22,1897
2010,8,23,1909
2010,8,24,1893
2010,8,25,1898
2010,8,26,1918
2010,8,27,1918
2010,8,28,1909
2010,8,29,1885
2010,8,30,1903
2010,8,31,1929
2010,9,1,1916
2010,9,2,1892
2010,9,3,1894
2010,9,4,1900
2010,9,5,1901
2010,9,6,1904
2010,9,7,1914
2010,9,8,1917
2010,9,9,1916
2010,9,10,1923
2010,9,11,1918
2010,9,12,1899
2010,9,13,1907
2010,9,14,1904
2010,9,15,1894
2010,9,16,1894
2010,9,17,1897
2010,9,18,1882
2010,9,19,1901
2010,9,20,1919
2010,9,21,1888
2010,9,22,1894
2010,9,23,1900
2010,9,24,1901
2010,9,25,1902
2010,9,26,1905
2010,9,27,1911
2010,9,28,1923
2010,9,29,1940
2010,9,30,1944
2010,10,1,1939
2010,10,2,1957
2010,10,3,1963
2010,10,4,1963
2010,10,5,1975
2010,10,6,1972
2010,10,7,1967
2010,10,8,1966
2010,10,9,1967
2010,10,10,1963
2010,10,11,1968
2010,10,12,1954
2010,10,13,1940
2010,10,14,1940
2010,10,15,1937
2010,10,16,1923
2010,10,17,1935
2010,10,18,1958
2010,10,19,1931
2010,10,20,1918
2010,10,21,1917
2010,10,22,1902
2010,10,23,1901
2010,10,24,1917
2010,10,25,1943
2010,10,26,1947
2010,10,27,1936
2010,10,28,1933
2010,10,29,1930
2010,10,30,1941
2010,10,31,1922
2010,11,1,1909
2010,11,2,1934
2010,11,3,1916
2010,11,4,1887
2010,11,5,1890
2010,11,6,1882
2010,11,7,1883
2010,11,8,1897
2010,11,9,1883
2010,11,10,1866
2010,11,11,1855
2010,11,12,1890
2010,11,13,1893
2010,11,14,1862
2010,11,15,1854
2010,11,16,1863
2010,11,17,1851
2010,11,18,1844
2010,11,19,1857
2010,11,20,1853
2010,11,21,1852
2010,11,22,1862
2010,11,23,1872
2010,11,24,1874
2010,11,25,1868
2010,11,26,1863
2010,11,27,1855
2010,11,28,1850
2010,11,29,1861
2010,11,30,1873
2010,12,1,1885
2010,12,2,1861
2010,12,3,1834
2010,12,4,1843
2010,12,5,1836
2010,12,6,1843
2010,12,7,1853
2010,12,8,1835
2010,12,9,1835
2010,12,10,1861
2010,12,11,1860
2010,12,12,1847
2010,12,13,1829
2010,12,14,1820
2010,12,15,1830
2010,12,16,1815
2010,12,17,1790
2010,12,18,1789
2010,12,19,1805
2010,12,20,1822
2010,12,21,1848
2010,12,22,1870
2010,12,23,1863
2010,12,24,1853
2010,12,25,1850
2010,12,26,1836
2010,12,27,1804
2010,12,28,1802
2010,12,29,1793
2010,12,30,1800
2010,12,31,1820
2011,1,1,1830
2011,1,2,1799
2011,1,3,1785
2011,1,4,1790
2011,1,5,1799
2011,1,6,1805
2011,1,7,1819
2011,1,8,1805
2011,1,9,1791
2011,1,10,1822
2011,1,11,1825
2011,1,12,1809
2011,1,13,1791
2011,1,14,1812
2011,1,15,1833
2011,1,16,1835
2011,1,17,1822
2011,1,18,1802
2011,1,19,1818
2011,1,20,1865
2011,1,21,1894
2011,1,22,1874
2011,1,23,1836
2011,1,24,1823
2011,1,25,1827
2011,1,26,1805
2011,1,27,1779
2011,1,28,1789
2011,1,29,1805
2011,1,30,1809
2011,1,31,1792
2011,2,1,1776
2011,2,2,1779
2011,2,3,1821
2011,2,4,1846
2011,2,5,1838
2011,2,6,1832
2011,2,7,1820
2011,2,8,1810
2011,2,9,1832
2011,2,10,1824
2011,2,11,1810
2011,2,12,1797
2011,2,13,1779
2011,2,14,1771
2011,2,15,1782
2011,2,16,1784
2011,2,17,1790
2011,2,18,1807
2011,2,19,1815
2011,2,20,1816
2011,2,21,1805
2011,2,22,1780
2011,2,23,1773
2011,2,24,1790
2011,2,25,1795
2011,2,26,1797
2011,2,27,1790
2011,2,28,1797
2011,3,1,1792
2011,3,2,1779
2011,3,3,1772
2011,3,4,1772
2011,3,5,1778
2011,3,6,1766
2011,3,7,1774
2011,3,8,1775
2011,3,9,1766
2011,3,10,1766
2011,3,11,1772
2011,3,12,1763
2011,3,13,1766
2011,3,14,1788
2011,3,15,1820
2011,3,16,1835
2011,3,17,1815
2011,3,18,1783
2011,3,19,1780
2011,3,20,1788
2011,3,21,1799
2011,3,22,1826
2011,3,23,1821
2011,3,24,1793
2011,3,25,1782
2011,3,26,1786
2011,3,27,1789
2011,3,28,1785
2011,3,29,1801
2011,3,30,1826
2011,3,31,1824
2011,4,1,1806
2011,4,2,1813
2011,4,3,1833
2011,4,4,1832
2011,4,5,1798
2011,4,6,1756
2011,4,7,1740
2011,4,8,1759
2011,4,9,1747
2011,4,10,1739
2011,4,11,1786
2011,4,12,1777
2011,4,13,1749
2011,4,14,1771
2011,4,15,1785
2011,4,16,1793
2011,4,17,1801
2011,4,18,1811
2011,4,19,1799
2011,4,20,1783
2011,4,21,1771
2011,4,22,1781
2011,4,23,1794
2011,4,24,1795
2011,4,25,1793
2011,4,26,1787
2011,4,27,1788
2011,4,28,1802
2011,4,29,1801
2011,4,30,1808
2011,5,1,1848
2011,5,2,1866
2011,5,3,1884
2011,5,4,1874
2011,5,5,1860
2011,5,6,1879
2011,5,7,1898
2011,5,8,1886
2011,5,9,1870
2011,5,10,1856
2011,5,11,1840
2011,5,12,1859
2011,5,13,1878
2011,5,14,1858
2011,5,15,1813
2011,5,16,1802
2011,5,17,1831
2011,5,18,1825
2011,5,19,1818
2011,5,20,1846
2011,5,21,1864
2011,5,22,1862
2011,5,23,1858
2011,5,24,1865
2011,5,25,1875
2011,5,26,1872
2011,5,27,1864
2011,5,28,1850
2011,5,29,1818
2011,5,30,1807
2011,5,31,1820
2011,6,1,1820
2011,6,2,1810
2011,6,3,1811
2011,6,4,1822
2011,6,5,1834
2011,6,6,1841
2011,6,7,1835
2011,6,8,1833
2011,6,9,1836
2011,6,10,1838
2011,6,11,1834
2011,6,12,1822
2011,6,13,1812
2011,6,14,1813
2011,6,15,1820
2011,6,16,1814
2011,6,17,1817
2011,6,18,1838
2011,6,19,1844
2011,6,20,1839
2011,6,21,1841
2011,6,22,1856
2011,6,23,1867
2011,6,24,1854
2011,6,25,1805
2011,6,26,1783
2011,6,27,1802
2011,6,28,1809
2011,6,29,1796
2011,6,30,1802
2011,7,1,1814
2011,7,2,1811
2011,7,3,1820
2011,7,4,1835
2011,7,5,1846
2011,7,6,1847
2011,7,7,1837
2011,7,8,1831
2011,7,9,1832
2011,7,10,1839
2011,7,11,1845
2011,7,12,1847
2011,7,13,1843
2011,7,14,1840
2011,7,15,1843
2011,7,16,1849
2011,7,17,1851
2011,7,18,1868
2011,7,19,1865
2011,7,20,1841
2011,7,21,1851
2011,7,22,1862
2011,7,23,1846
2011,7,24,1843
2011,7,25,1888
2011,7,26,1897
2011,7,27,1868
2011,7,28,1870
2011,7,29,1885
2011,7,30,1896
2011,7,31,1880
2011,8,1,1879
2011,8,2,1877
2011,8,3,1866
2011,8,4,1870
2011,8,5,1875
2011,8,6,1865
2011,8,7,1846
2011,8,8,1832
2011,8,9,1833
2011,8,10,1824
2011,8,11,1827
2011,8,12,1829
2011,8,13,1820
2011,8,14,1801
2011,8,15,1798
2011,8,16,1814
2011,8,17,1830
2011,8,18,1827
2011,8,19,1819
2011,8,20,1817
2011,8,21,1828
2011,8,22,1839
2011,8,23,1849
2011,8,24,1858
2011,8,25,1884
2011,8,26,1879
2011,8,27,1874
2011,8,28,1871
2011,8,29,1857
2011,8,30,1849
2011,9,3,1864
2011,9,4,1852
2011,9,5,1840
2011,9,6,1850
2011,9,7,1877
2011,9,8,1884
2011,9,9,1872
2011,9,10,1855
2011,9,11,1840
2011,9,12,1848
2011,9,13,1865
2011,9,14,1860
2011,9,15,1840
2011,9,16,1848
2011,9,17,1866
2011,9,18,1853
2011,9,19,1851
2011,9,20,1858
2011,9,21,1864
2011,9,22,1875
2011,9,23,1876
2011,9,24,1886
2011,9,25,1916
2011,9,26,1949
2011,9,27,1941
2011,9,28,1909
2011,9,29,1887
2011,9,30,1903
2011,10,1,1932
2011,10,2,1914
2011,10,3,1888
2011,10,4,1866
2011,10,5,1848
2011,10,6,1863
2011,10,7,1886
2011,10,8,1873
2011,10,9,1857
2011,10,10,1863
2011,10,11,1893
2011,10,12,1893
2011,10,13,1858
2011,10,14,1820
2011,10,15,1812
2011,10,16,1822
2011,10,17,1826
2011,10,18,1839
2011,10,19,1848
2011,10,20,1843
2011,10,21,1855
2011,10,22,1868
2011,10,23,1855
2011,10,24,1853
2011,10,25,1886
2011,10,26,1895
2011,10,27,1873
2011,10,28,1853
2011,10,29,1874
2011,10,30,1902
2011,10,31,1912
2011,11,1,1904
2011,11,2,1881
2011,11,3,1879
2011,11,4,1896
2011,11,5,1883
2011,11,6,1879
2011,11,7,1876
2011,11,8,1874
2011,11,9,1863
2011,11,10,1861
2011,11,11,1830
2011,11,12,1822
2011,11,13,1840
2011,11,14,1846
2011,11,15,1852
2011,11,16,1853
2011,11,17,1848
2011,11,18,1858
2011,11,19,1855
2011,11,20,1835
2011,11,21,1849
2011,11,22,1835
2011,11,23,1824
2011,11,24,1831
2011,11,25,1822
2011,11,26,1838
2011,11,27,1838
2011,11,28,1859
2011,11,29,1870
2011,11,30,1871
2011,12,1,1888
2011,12,2,1897
2011,12,3,1871
2011,12,4,1850
2011,12,5,1840
2011,12,6,1832
2011,12,7,1833
2011,12,8,1845
2011,12,9,1861
2011,12,10,1860
2011,12,11,1854
2011,12,12,1848
2011,12,13,1832
2011,12,14,1846
2011,12,15,1876
2011,12,16,1882
2011,12,17,1853
2011,12,18,1825
2011,12,19,1833
2011,12,20,1860
2011,12,21,1848
2011,12,22,1850
2011,12,23,1872
2011,12,24,1875
2011,12,25,1832
2011,12,26,1810
2011,12,27,1790
2011,12,28,1797
2011,12,29,1844
2011,12,30,1837
2011,12,31,1826
2012,1,1,1811
2012,1,2,1799
2012,1,3,1791
2012,1,4,1788
2012,1,5,1798
2012,1,6,1773
2012,1,7,1770
2012,1,8,1780
2012,1,9,1807
2012,1,10,1825
2012,1,11,1822
2012,1,12,1817
2012,1,13,1813
2012,1,14,1812
2012,1,15,1829
2012,1,16,1836
2012,1,17,1836
2012,1,18,1809
2012,1,19,1791
2012,1,20,1792
2012,1,21,1809
2012,1,22,1831
2012,1,23,1834
2012,1,24,1834
2012,1,25,1843
2012,1,26,1836
2012,1,27,1811
2012,1,28,1805
2012,1,29,1823
2012,1,30,1835
2012,1,31,1831
2012,2,1,1818
2012,2,2,1817
2012,2,3,1799
2012,2,4,1785
2012,2,5,1777
2012,2,6,1807
2012,2,7,1854
2012,2,8,1845
2012,2,9,1825
2012,2,10,1826
2012,2,11,1837
2012,2,12,1839
2012,2,13,1827
2012,2,14,1832
2012,2,15,1854
2012,2,16,1878
2012,2,17,1880
2012,2,18,1871
2012,2,19,1863
2012,2,20,1859
2012,2,21,1873
2012,2,22,1890
2012,2,23,1886
2012,2,24,1874
2012,2,25,1891
2012,2,26,1904
2012,2,27,1893
2012,2,28,1868
2012,2,29,1853
2012,3,1,1875
2012,3,2,1897
2012,3,3,1899
2012,3,4,1892
2012,3,5,1906
2012,3,6,1947
2012,3,7,1953
2012,3,8,1945
2012,3,9,1933
2012,3,10,1928
2012,3,11,1907
2012,3,12,1893
2012,3,13,1892
2012,3,14,1901
2012,3,15,1896
2012,3,16,1902
2012,3,17,1914
2012,3,18,1930
2012,3,19,1958
2012,3,20,1957
2012,3,21,1943
2012,3,22,1888
2012,3,23,1875
2012,3,24,1890
2012,3,25,1884
2012,3,26,1869
2012,3,27,1864
2012,3,28,1877
2012,3,29,1896
2012,3,30,1898
2012,3,31,1897
2012,4,1,1905
2012,4,2,1882
2012,4,3,1854
2012,4,4,1864
2012,4,5,1889
2012,4,6,1871
2012,4,7,1857
2012,4,8,1853
2012,4,9,1863
2012,4,10,1844
2012,4,11,1852
2012,4,12,1872
2012,4,13,1870
2012,4,14,1878
2012,4,15,1889
2012,4,16,1895
2012,4,17,1905
2012,4,18,1903
2012,4,19,1901
2012,4,20,1892
2012,4,21,1892
2012,4,22,1882
2012,4,23,1875
2012,4,24,1876
2012,4,25,1876
2012,4,26,1885
2012,4,27,1905
2012,4,28,1894
2012,4,29,1895
2012,4,30,1918
2012,5,1,1927
2012,5,2,1934
2012,5,3,1934
2012,5,4,1931
2012,5,5,1936
2012,5,6,1915
2012,5,7,1908
2012,5,8,1911
2012,5,9,1922
2012,5,10,1924
2012,5,11,1928
2012,5,12,1938
2012,5,13,1942
2012,5,14,1923
2012,5,15,1916
2012,5,16,1916
2012,5,17,1907
2012,5,18,1903
2012,5,19,1908
2012,5,20,1928
2012,5,21,1930
2012,5,22,1934
2012,5,23,1943
2012,5,24,1931
2012,5,25,1918
2012,5,26,1921
2012,5,27,1941
2012,5,28,1947
2012,5,29,1950
2012,5,30,1973
2012,5,31,1969
2012,6,1,1969
2012,6,2,1978
2012,6,3,1974
2012,6,4,1950
2012,6,5,1939
2012,6,6,1942
2012,6,7,1922
2012,6,8,1895
2012,6,9,1902
2012,6,10,1898
2012,6,11,1915
2012,6,12,1922
2012,6,13,1913
2012,6,14,1912
2012,6,15,1921
2012,6,16,1922
2012,6,17,1906
2012,6,18,1893
2012,6,19,1887
2012,6,20,1881
2012,6,21,1886
2012,6,22,1890
2012,6,23,1891
2012,6,24,1901
2012,6,25,1920
2012,6,26,1922
2012,6,27,1916
2012,6,28,1922
2012,6,29,1934
2012,6,30,1930
2012,7,1,1914
2012,7,2,1926
2012,7,3,1941
2012,7,4,1942
2012,7,5,1940
2012,7,6,1934
2012,7,7,1927
2012,7,8,1922
2012,7,9,1912
2012,7,10,1911
2012,7,11,1892
2012,7,12,1881
2012,7,13,1893
2012,7,14,1893
2012,7,15,1881
2012,7,16,1884
2012,7,17,1896
2012,7,18,1908
2012,7,19,1930
2012,7,20,1935
2012,7,21,1933
2012,7,22,1944
2012,7,23,1953
2012,7,24,1925
2012,7,25,1894
2012,7,26,1901
2012,7,27,1922
2012,7,28,1944
2012,7,29,1975
2012,7,30,1975
2012,7,31,1959
2012,8,1,1960
2012,8,2,1948
2012,8,3,1933
2012,8,4,1926
2012,8,5,1918
2012,8,6,1916
2012,8,7,1906
2012,8,8,1887
2012,8,9,1881
2012,8,10,1871
2012,8,11,1862
2012,8,12,1880
2012,8,13,1915
2012,8,14,1935
2012,8,15,1933
2012,8,16,1910
2012,8,17,1898
2012,8,18,1877
2012,8,19,1889
2012,8,20,1906
2012,8,21,1907
2012,8,22,1925
2012,8,23,1933
2012,8,24,1917
2012,8,25,1891
2012,8,26,1893
2012,8,27,1906
2012,8,28,1877
2012,8,29,1862
2012,8,30,1875
2012,8,31,1904
2012,9,1,1906
2012,9,2,1899
2012,9,3,1898
2012,9,4,1896
2012,9,5,1879
2012,9,6,1871
2012,9,7,1881
2012,9,8,1868
2012,9,9,1851
2012,9,10,1861
2012,9,11,1887
2012,9,12,1902
2012,9,13,1927
2012,9,14,1956
2012,9,15,1945
2012,9,16,1916
2012,9,17,1896
2012,9,18,1888
2012,9,19,1880
2012,9,20,1876
2012,9,21,1886
2012,9,22,1900
2012,9,23,1929
2012,9,24,1944
2012,9,25,1942
2012,9,26,1936
2012,9,27,1925
2012,9,28,1899
2012,9,29,1888
2012,9,30,1873
2012,10,1,1847
2012,10,2,1847
2012,10,3,1885
2012,10,4,1889
2012,10,5,1876
2012,10,6,1851
2012,10,7,1840
2012,10,8,1857
2012,10,9,1884
2012,10,10,1899
2012,10,11,1883
2012,10,12,1863
2012,10,13,1870
2012,10,14,1869
2012,10,15,1864
2012,10,16,1866
2012,10,17,1853
2012,10,18,1822
2012,10,19,1824
2012,10,20,1808
2012,10,21,1794
2012,10,22,1822
2012,10,23,1849
2012,10,24,1841
2012,10,25,1785
2012,10,26,1789
2012,10,27,1785
2012,10,28,1753
2012,10,29,1756
2012,10,30,1765
2012,10,31,1761
2012,11,1,1767
2012,11,2,1758
2012,11,3,1758
2012,11,4,1771
2012,11,5,1796
2012,11,6,1805
2012,11,7,1799
2012,11,8,1791
2012,11,9,1791
2012,11,10,1803
2012,11,11,1791
2012,11,12,1779
2012,11,13,1764
2012,11,14,1785
2012,11,15,1797
2012,11,16,1775
2012,11,17,1757
2012,11,18,1774
2012,11,19,1778
2012,11,20,1766
2012,11,21,1752
2012,11,22,1756
2012,11,23,1766
2012,11,24,1764
2012,11,25,1752
2012,11,26,1740
2012,11,27,1729
2012,11,28,1721
2012,11,29,1718
2012,11,30,1730
2012,12,1,1742
2012,12,2,1754
2012,12,3,1770
2012,12,4,1780
2012,12,5,1789
2012,12,6,1796
2012,12,7,1771
2012,12,8,1761
2012,12,9,1777
2012,12,10,1793
2012,12,11,1794
2012,12,12,1780
2012,12,13,1764
2012,12,14,1746
2012,12,15,1748
2012,12,16,1772
2012,12,17,1785
2012,12,18,1796
2012,12,19,1775
2012,12,20,1751
2012,12,21,1742
2012,12,22,1753
2012,12,23,1760
2012,12,24,1752
2012,12,25,1761
2012,12,26,1748
2012,12,27,1757
2012,12,28,1781
2012,12,29,1793
2012,12,30,1795
2012,12,31,1796
2013,1,1,1787
2013,1,2,1778
2013,1,3,1780
2013,1,4,1789
2013,1,5,1782
2013,1,6,1782
2013,1,7,1788
2013,1,8,1780
2013,1,9,1784
2013,1,10,1807
2013,1,11,1811
2013,1,12,1794
2013,1,13,1781
2013,1,14,1763
2013,1,15,1737
2013,1,16,1720
2013,1,17,1712
2013,1,18,1712
2013,1,19,1705
2013,1,20,1686
2013,1,21,1680
2013,1,22,1691
2013,1,23,1721
2013,1,24,1746
2013,1,25,1749
2013,1,26,1754
2013,1,27,1753
2013,1,28,1734
2013,1,29,1720
2013,1,30,1705
2013,1,31,1696
2013,2,1,1693
2013,2,2,1688
2013,2,3,1703
2013,2,4,1707
2013,2,5,1701
2013,2,6,1728
2013,2,7,1758
2013,2,8,1769
2013,2,9,1739
2013,2,10,1739
2013,2,11,1763
2013,2,12,1754
2013,2,13,1755
2013,2,14,1743
2013,2,15,1728
2013,2,16,1740
2013,2,17,1763
2013,2,18,1761
2013,2,19,1766
2013,2,20,1777
2013,2,21,1779
2013,2,22,1754
2013,2,23,1729
2013,2,24,1756
2013,2,25,1765
2013,2,26,1738
2013,2,27,1764
2013,2,28,1807
2013,3,1,1794
2013,3,2,1766
2013,3,3,1757
2013,3,4,1742
2013,3,5,1710
2013,3,6,1721
2013,3,7,1737
2013,3,8,1752
2013,3,9,1777
2013,3,10,1790
2013,3,11,1800
2013,3,12,1779
2013,3,13,1765
2013,3,14,1766
2013,3,15,1752
2013,3,16,1748
2013,3,17,1754
2013,3,18,1758
2013,3,19,1761
2013,3,20,1769
2013,3,21,1781
2013,3,22,1782
2013,3,23,1793
2013,3,24,1813
2013,3,25,1816
2013,3,26,1807
2013,3,27,1794
2013,3,28,1792
2013,3,29,1793
2013,3,30,1812
2013,3,31,1813
2013,4,1,1787
2013,4,2,1787
2013,4,3,1804
2013,4,4,1819
2013,4,5,1833
2013,4,6,1870
2013,4,7,1890
2013,4,8,1855
2013,4,9,1819
2013,4,10,1829
2013,4,11,1838
2013,4,12,1816
2013,4,13,1798
2013,4,14,1800
2013,4,15,1811
2013,4,16,1819
2013,4,17,1828
2013,4,18,1832
2013,4,19,1841
2013,4,20,1831
2013,4,21,1816
2013,4,22,1802
2013,4,23,1780
2013,4,24,1784
2013,4,25,1803
2013,4,26,1814
2013,4,27,1827
2013,4,28,1823
2013,4,29,1805
2013,4,30,1815
2013,5,1,1841
2013,5,2,1857
2013,5,3,1848
2013,5,4,1820
2013,5,5,1815
2013,5,6,1838
2013,5,7,1850
2013,5,8,1831
2013,5,9,1815
2013,5,10,1819
2013,5,11,1829
2013,5,12,1821
2013,5,13,1828
2013,5,14,1844
2013,5,15,1846
2013,5,16,1845
2013,5,17,1835
2013,5,18,1833
2013,5,19,1842
2013,5,20,1855
2013,5,21,1873
2013,5,22,1846
2013,5,23,1839
2013,5,24,1845
2013,5,25,1847
2013,5,26,1841
2013,5,27,1843
2013,5,28,1831
2013,5,29,1835
2013,5,30,1842
2013,5,31,1839
2013,6,1,1837
2013,6,2,1848
2013,6,3,1848
2013,6,4,1859
2013,6,5,1953
2013,6,6,1982
2013,6,7,1979
2013,6,8,1985
2013,6,9,2004
2013,6,10,2017
2013,6,11,2005
2013,6,12,1997
2013,6,13,1995
2013,6,14,1990
2013,6,15,1971
2013,6,16,1984
2013,6,17,1994
2013,6,18,1988
2013,6,19,1983
2013,6,20,1971
2013,6,21,1958
2013,6,22,1960
2013,6,23,1949
2013,6,24,1948
2013,6,25,1952
2013,6,26,2034
2013,6,27,2031
2013,6,28,2004
2013,6,29,1996
2013,6,30,1957
2013,7,1,1968
2013,7,2,1975
2013,7,3,1966
2013,7,4,1949
2013,7,5,1942
2013,7,6,1935
2013,7,7,1928
2013,7,8,1939
2013,7,9,1967
2013,7,10,1988
2013,7,11,1991
2013,7,12,1989
2013,7,13,1988
2013,7,14,1998
2013,7,15,2007
2013,7,16,1998
2013,7,17,2002
2013,7,18,2014
2013,7,19,2009
2013,7,20,2003
2013,7,21,2012
2013,7,22,2004
2013,7,23,1988
2013,7,24,1974
2013,7,25,1964
2013,7,26,1923
2013,7,27,1922
2013,7,28,1931
2013,7,29,1916
2013,7,30,1933
2013,7,31,1955
2013,8,1,1935
2013,8,2,1899
2013,8,3,1899
2013,8,4,1900
2013,8,5,1881
2013,8,6,1892
2013,8,7,1904
2013,8,8,1915
2013,8,9,1915
2013,8,10,1922
2013,8,11,1953
2013,8,12,1940
2013,8,13,1918
2013,8,14,1908
2013,8,15,1915
2013,8,16,1933
2013,8,17,1951
2013,8,18,1977
2013,8,19,1995
2013,8,20,1998
2013,8,21,1982
2013,8,22,1958
2013,8,23,1929
2013,8,24,1926
2013,8,25,1942
2013,8,26,1935
2013,8,27,1927
2013,8,28,1899
2013,8,29,1877
2013,8,30,1885
2013,8,31,1904
2013,9,1,1904
2013,9,2,1906
2013,9,3,1920
2013,9,4,1915
2013,9,5,1912
2013,9,6,1920
2013,9,7,1938
2013,9,8,1931
2013,9,9,1920
2013,9,10,1919
2013,9,11,1932
2013,9,12,1941
2013,9,13,1940
2013,9,14,1933
2013,9,15,1953
2013,9,16,1976
2013,9,17,1991
2013,9,18,1993
2013,9,19,1992
2013,9,20,1992
2013,9,21,1996
2013,9,22,1961
2013,9,23,1955
2013,9,24,1966
2013,9,25,1953
2013,9,26,1954
2013,9,27,1958
2013,9,28,1943
2013,9,29,1826
2013,10,4,1906
2013,10,5,1901
2013,10,6,1886
2013,10,7,1871
2013,10,8,1874
2013,10,9,1853
2013,10,10,1854
2013,10,11,1886
2013,10,12,1882
2013,10,13,1868
2013,10,14,1872
2013,10,15,1829
2013,10,16,1795
2013,10,17,1794
2013,10,18,1794
2013,10,19,1782
2013,10,20,1797
2013,10,21,1791
2013,10,22,1774
2013,10,23,1783
2013,10,24,1797
2013,10,25,1780
2013,10,26,1743
2013,10,27,1724
2013,10,28,1720
2013,10,29,1729
2013,10,30,1758
2013,10,31,1773
2013,11,1,1750
2013,11,2,1725
2013,11,3,1744
2013,11,4,1743
2013,11,5,1725
2013,11,6,1736
2013,11,7,1812
2013,11,8,1789
2013,11,9,1712
2013,11,10,1742
2013,11,11,1747
2013,11,12,1751
2013,11,13,1710
2013,11,14,1691
2013,11,15,1681
2013,11,16,1657
2013,11,17,1655
2013,11,18,1664
2013,11,19,1667
2013,11,20,1648
2013,11,21,1658
2013,11,22,1692
2013,11,23,1695
2013,11,24,1688
2013,11,25,1695
2013,11,26,1697
2013,11,27,1700
2013,11,28,1688
2013,11,29,1689
2013,11,30,1680
2013,12,1,1665
2013,12,2,1686
2013,12,3,1715
2013,12,4,1725
2013,12,5,1727
2013,12,6,1736
2013,12,7,1731
2013,12,8,1729
2013,12,9,1725
2013,12,10,1717
2013,12,11,1690
2013,12,12,1673
2013,12,13,1672
2013,12,14,1678
2013,12,15,1681
2013,12,16,1687
2013,12,17,1690
2013,12,18,1686
2013,12,19,1681
2013,12,20,1690
2013,12,21,1687
2013,12,22,1680
2013,12,23,1692
2013,12,24,1698
2013,12,25,1705
2013,12,26,1701
2013,12,27,1693
2013,12,28,1705
2013,12,29,1690
2014,1,1,1664
2014,1,2,1676
2014,1,3,1686
2014,1,4,1702
2014,1,5,1696
2014,1,6,1691
2014,1,7,1669
2014,1,8,1672
2014,1,9,1672
2014,1,10,1664
2014,1,11,1651
2014,1,12,1657
2014,1,13,1695
2014,1,14,1701
2014,1,15,1672
2014,1,16,1640
2014,1,17,1625
2014,1,18,1612
2014,1,19,1616
2014,1,20,1621
2014,1,21,1643
2014,1,22,1647
2014,1,23,1620
2014,1,24,1605
2014,1,25,1612
2014,1,26,1637
2014,1,27,1638
2014,1,28,1637
2014,1,29,1644
2014,1,30,1640
2014,1,31,1675
2014,2,1,1671
2014,2,2,1666
2014,2,3,1684
2014,2,4,1669
2014,2,5,1653
2014,2,6,1624
2014,2,7,1630
2014,2,8,1641
2014,2,9,1646
2014,2,10,1649
2014,2,11,1649
2014,2,12,1635
2014,2,13,1608
2014,2,14,1606
2014,2,15,1605
2014,2,16,1611
2014,2,17,1608
2014,2,18,1629
2014,2,19,1655
2014,2,20,1638
2014,2,21,1617
2014,2,22,1585
2014,2,23,1581
2014,2,24,1600
2014,2,25,1597
2014,2,26,1597
2014,2,27,1608
2014,2,28,1625
2014,3,1,1630
2014,3,2,1645
2014,3,3,1642
2014,3,4,1621
2014,3,5,1608
2014,3,6,1605
2014,3,7,1600
2014,3,8,1589
2014,3,9,1599
2014,3,10,1599
2014,3,11,1601
2014,3,12,1611
2014,3,13,1621
2014,3,14,1614
2014,3,15,1617
2014,3,16,1604
2014,3,17,1616
2014,3,18,1622
2014,3,19,1629
2014,3,20,1664
2014,3,21,1672
2014,3,22,1654
2014,3,23,1628
2014,3,24,1621
2014,3,25,1624
2014,3,26,1626
2014,3,27,1640
2014,3,30,1755
2014,3,31,1755
2014,4,1,1758
2014,4,2,1754
2014,4,3,1741
2014,4,4,1737
2014,4,5,1730
2014,4,6,1717
2014,4,7,1705
2014,4,8,1718
2014,4,9,1735
2014,4,10,1764
2014,4,11,1775
2014,4,12,1766
2014,4,13,1775
2014,4,14,1795
2014,4,15,1782
2014,4,16,1746
2014,4,17,1738
2014,4,18,1747
2014,4,19,1751
2014,4,20,1757
2014,4,21,1756
2014,4,22,1746
2014,4,23,1748
2014,4,24,1756
2014,4,25,1762
2014,4,26,1762
2014,4,27,1764
2014,4,28,1762
2014,4,29,1760
2014,4,30,1755
2014,5,1,1750
2014,5,2,1743
2014,5,3,1731
2014,5,4,1733
2014,5,5,1741
2014,5,6,1730
2014,5,7,1723
2014,5,8,1733
2014,5,9,1744
2014,5,10,1743
2014,5,11,1736
2014,5,12,1731
2014,5,13,1743
2014,5,14,1751
2014,5,15,1754
2014,5,16,1758
2014,5,17,1758
2014,5,18,1750
2014,5,19,1805
2014,5,20,1859
2014,5,21,1867
2014,5,22,1864
2014,5,23,1860
2014,5,24,1855
2014,5,25,1849
2014,5,26,1848
